{
  "tmc.conf.LoginType": "Custom",
  "tmc.conf.authType": "Page",
  "tmc.conf.appPath": "E:\\SVN\\OCM\\OCM UI\\Source\\OCM",
  "tmc.conf.dbServer": "10.133.146.11\\SQLExpress",
  "tmc.conf.dbPassword": "v/kv7zA56VyhqqvQ2FHE+ejK6eRjPIFK0T1f4QivPGbXU/oUquQqDQ32QFXww+an7JbPkkDBQB02EDEJ/iiIgQ==",
  "tmc.conf.dbPort": "14334",
  "tmc.conf.dbName": "OCM",
  "tmc.conf.dbMakerServer": "10.133.146.11\\SQLExpress",
  "tmc.conf.dbMakerPassword": "v/kv7zA56VyhqqvQ2FHE+ejK6eRjPIFK0T1f4QivPGbXU/oUquQqDQ32QFXww+an7JbPkkDBQB02EDEJ/iiIgQ==",
  "tmc.conf.dbMakerPort": "14334",
  "tmc.conf.dbMakerName": "OCM_Maker"
}