﻿{
  "JsonVersioningDetails": {
    "FileName": "AccessConfiguration.json",
    "Location": "",
    "Version": "3.2.8.27",
    "LastModifiedDateTime": "27-08-2019 07:15:00 PM",
    "LastModifiedBy": "Shreyas",
    "Description": "Added Line Channel under Dashboards"
  },
  "AdminPages": {
    "Channels": [
      {
        "DisplayName": "TMAC",
        "FunctionalityName": "TMAC",
        "Included": true
      },
      {
        "DisplayName": "IVR",
        "FunctionalityName": "IVR",
        "Included": true
      },
      {
        "DisplayName": "Chat",
        "FunctionalityName": "Chat",
        "Included": true
      },
      {
        "DisplayName": "SMS",
        "FunctionalityName": "SMS",
        "Included": true
      },
      {
        "DisplayName": "Email",
        "FunctionalityName": "Email",
        "Included": true
      },
      {
        "DisplayName": "Fax",
        "FunctionalityName": "Fax",
        "Included": true
      },
      {
        "DisplayName": "Home",
        "FunctionalityName": "Home",
        "Included": true
      },
      {
        "DisplayName": "AutoDialer",
        "FunctionalityName": "AutoDialer",
        "Included": true
      },
      {
        "DisplayName": "SM",
        "FunctionalityName": "SM",
        "Included": true
      },
      {
        "DisplayName": "Sales",
        "FunctionalityName": "Sales",
        "Included": true
      }
    ],
    "ChannelData": [
      {
        "DisplayName": "Slot Scheduler",
        "FunctionalityName": "SlotScheduler",
        "Channel": "TMAC",
        "Icon": "far fa-calendar-alt fa-2x",
        "Included": true
      },
      {
        "DisplayName": "IW Master Access Matrix",
        "FunctionalityName": "IwMasterAccessMatrix",
        "Channel": "Home",
        "Icon": "far fa-shield-check fa-2x",
        "Included": true
      },
      {
        "DisplayName": "Fax Address Book",
        "FunctionalityName": "FaxAddressBook",
        "Channel": "Fax",
        "Icon": "far fa-address-book fa-2x",
        "Included": true
      },
      {
        "DisplayName": "Social Media Application",
        "FunctionalityName": "SocialMediaApplication",
        "Channel": "SM",
        "Icon": "far fa-cogs fa-2x",
        "Included": true
      },
      {
        "DisplayName": "Social Media Account",
        "FunctionalityName": "SocialMediaAccount",
        "Channel": "SM",
        "Icon": "far fa-cogs fa-2x",
        "Included": true
      },
      {
        "DisplayName": "User Profile Mapping",
        "FunctionalityName": "SocialMediaUserProfileMapping",
        "Channel": "SM",
        "Icon": "far fa-user-check fa-2x",
        "Included": true
      },
      {
        "DisplayName": "OCM Configuration",
        "FunctionalityName": "OCMConfiguration",
        "Channel": "Home",
        "Icon": "fas fa-cog fa-2x",
        "Included": true,
        "ModifyReason": null
      },
      {
        "DisplayName": "Agent Settings",
        "FunctionalityName": "AgentSetting",
        "Channel": "TMAC",
        "Icon": "fas fa-user-cog fa-2x",
        "Included": true
      },
      {
        "DisplayName": "Agent Telephony Directory",
        "FunctionalityName": "AgentTelephonyDirectory",
        "Channel": "TMAC",
        "Icon": "fas fa-atlas fa-2x",
        "Included": true
      },
      {
        "DisplayName": "Organizational Structure",
        "FunctionalityName": "TeamManagement",
        "Channel": "TMAC",
        "Icon": "fas fa-sitemap fa-2x",
        "Included": true
      },
      {
        "DisplayName": "TMAC Broadcast Message",
        "FunctionalityName": "AgentBroadcastMessage",
        "Channel": "TMAC",
        "Icon": "fas fa-broadcast-tower fa-2x",
        "Included": true
      },
      {
        "DisplayName": "Wait Time Color Config",
        "FunctionalityName": "WaitTimeColorConfig",
        "Channel": "TMAC",
        "Icon": "fas fa-clock fa-2x",
        "Included": true
      },
      {
        "DisplayName": "TMAC Transfer List",
        "FunctionalityName": "TmacTransferList",
        "Channel": "TMAC",
        "Icon": "fas fa-exchange fa-2x",
        "Included": true
      },
      {
        "DisplayName": "Workcode List",
        "FunctionalityName": "WorkcodeList",
        "Channel": "TMAC",
        "Icon": "far fa-clipboard-list fa-2x",
        "Included": true
      },
      {
        "DisplayName": "TMAC Siebel Release",
        "FunctionalityName": "TMACSiebelRelease",
        "Channel": "TMAC",
        "Icon": "fas fa-cloud-download fa-2x",
        "Included": true
      },
      {
        "DisplayName": "Fax Line Config",
        "FunctionalityName": "FaxDnis",
        "Channel": "Fax",
        "Icon": "fas fa-cog fa-2x",
        "Included": true
      },
      {
        "DisplayName": "Fax Routing Configuration",
        "FunctionalityName": "FaxRouteMap",
        "Channel": "Fax",
        "Icon": "fas fa-cog fa-2x",
        "Included": true
      },
      {
        "DisplayName": "Fax Auto ACK Configuration",
        "FunctionalityName": "FaxAutoAckTemplates",
        "Channel": "Fax",
        "Icon": "fas fa-cog fa-2x",
        "Included": true
      },
      {
        "DisplayName": "Fax Senders",
        "FunctionalityName": "FaxSenders",
        "Channel": "Fax",
        "Icon": "fas fa-users fa-2x",
        "Included": true
      },
      {
        "DisplayName": "Send Fax",
        "FunctionalityName": "FaxScheduler",
        "Channel": "Fax",
        "Icon": "fas fa-paper-plane fa-2x",
        "Included": true
      },
      {
        "DisplayName": "Fax Template",
        "FunctionalityName": "FaxTemplate",
        "Channel": "Fax",
        "Icon": "fas fa-fax fa-2x",
        "Included": true
      },
      {
        "DisplayName": "Split Fax",
        "FunctionalityName": "SplitFax",
        "Channel": "Fax",
        "Icon": "fas fa-columns fa-2x",
        "Included": true
      },
      {
        "DisplayName": "WorkFlow Designer",
        "FunctionalityName": "WorkFlowDesigner",
        "Channel": "Home",
        "Icon": "fas fa-object-ungroup fa-2x",
        "Included": true
      },
      {
        "DisplayName": "User Management",
        "FunctionalityName": "UserManagement",
        "Channel": "Home",
        "Icon": "far fa-users-cog fa-2x",
        "Included": true
      },
      {
        "DisplayName": "User Role Mapping",
        "FunctionalityName": "UserRoleMapping",
        "Channel": "Home",
        "Icon": "far fa-users fa-2x",
        "Included": true
      },
      {
        "DisplayName": "Role Based Access Management",
        "FunctionalityName": "RoleManagement",
        "Channel": "Home",
        "Icon": "far fa-users-cog fa-2x",
        "Included": true
      },
      {
        "DisplayName": "Module Exit Node Mapping",
        "FunctionalityName": "ModuleExitNodeMapping",
        "Channel": "Home",
        "Icon": "fas fa-external-link fa-2x",
        "Included": true
      },
      {
        "DisplayName": "CEP Event Mapping",
        "FunctionalityName": "CepCodeMapping",
        "Channel": "Home",
        "Icon": "fas fa-code fa-2x",
        "Included": true
      },
      {
        "DisplayName": "Logfile Downloader",
        "FunctionalityName": "LogfileData",
        "Channel": "Home",
        "Icon": "fas fa-download fa-2x",
        "Included": true
      },
      {
        "DisplayName": "Bulk Upload Module",
        "FunctionalityName": "BulkUploadModule",
        "Channel": "Home",
        "Icon": "fas fa-upload fa-2x",
        "Included": true
      },
      {
        "DisplayName": "Report Downloads",
        "FunctionalityName": "ReportDownload",
        "Channel": "Home",
        "Icon": "fas fa-cloud-download fa-2x",
        "Included": true
      },
      {
        "DisplayName": "Export Scheduler",
        "FunctionalityName": "ExportScheduler",
        "Channel": "Home",
        "Icon": "fas fa-file-export fa-2x",
        "Included": true
      },
      {
        "DisplayName": "Room Code",
        "FunctionalityName": "RoomCode",
        "Channel": "Home",
        "Icon": "fal fa-hotel fa-2x",
        "Included": true
      },
      {
        "DisplayName": "Wing Code",
        "FunctionalityName": "WingCode",
        "Channel": "Home",
        "Icon": "fal fa-barcode-read fa-2x",
        "Included": true
      },
      {
        "DisplayName": "Reservation Code",
        "FunctionalityName": "ReservationCode",
        "Channel": "Home",
        "Icon": "fas fa-ticket fa-2x",
        "Included": true
      },
      {
        "DisplayName": "VIP Code",
        "FunctionalityName": "VipCode",
        "Channel": "Home",
        "Icon": "fas fa-user-plus fa-2x",
        "Included": true
      },
      {
        "DisplayName": "VIP WakeUp Call Management",
        "FunctionalityName": "VipWakeUpCallManagement",
        "Channel": "Home",
        "Icon": "fas fa-bed fa-2x",
        "Included": true
      },
      {
        "DisplayName": "WakeUp Call Announcement",
        "FunctionalityName": "WakeUpCallAnnouncement",
        "Channel": "Home",
        "Icon": "fas fa-bed fa-2x",
        "Included": true
      },
      {
        "DisplayName": "Upload VDN",
        "FunctionalityName": "UploadVDN",
        "Channel": "Home",
        "Icon": "fas fa-upload fa-2x",
        "Included": true
      },
      {
        "DisplayName": "TP Redemption",
        "FunctionalityName": "TPRedemption",
        "Channel": "Home",
        "Icon": "fa fa-upload fa-2x",
        "Included": true
      },
      {
        "DisplayName": "CM Data Sync",
        "FunctionalityName": "CMDataLink",
        "Channel": "Home",
        "Icon": "fas fa-sync-alt fa-2x",
        "Included": true
      },
      {
        "DisplayName": "Dynamic Report Designer",
        "FunctionalityName": "DynamicReportDesigner",
        "Channel": "Home",
        "Icon": "fas fa-file-chart-pie fa-2x",
        "Included": true
      },
      {
        "DisplayName": "Agent Skill Assignment",
        "FunctionalityName": "AgentSkillAssignment",
        "Channel": "Home",
        "Icon": "fas fa-users-cog fa-2x",
        "Included": true
      },
      {
        "DisplayName": "Query Browser",
        "FunctionalityName": "QueryBrowser",
        "Channel": "Home",
        "Icon": "fas fa-database fa-2x",
        "Included": true
      },
      {
        "DisplayName": "SkillConfiguration",
        "FunctionalityName": "SkillConfiguration",
        "Channel": "Home",
        "Icon": "fas fa-cog fa-2x",
        "Included": true
      },
      {
        "DisplayName": "Application Access Control",
        "FunctionalityName": "ApplicationAccessControl",
        "Channel": "Home",
        "Icon": "fas fa-id-badge fa-2x",
        "Included": true
      },
      {
        "DisplayName": "IW Role Based Access Matrix",
        "FunctionalityName": "IwRoleBasedAccessMatrix",
        "Channel": "Home",
        "Icon": "far fa-shield-check fa-2x",
        "Included": true
      },
      {
        "DisplayName": "Opaque Data",
        "FunctionalityName": "OpaqueData",
        "Channel": "Home",
        "Icon": "far fa-eye-slash fa-2x",
        "Included": true
      },
      {
        "DisplayName": "Report Scheduler",
        "FunctionalityName": "ReportScheduler",
        "Channel": "Home",
        "Icon": "fas fa-file-export fa-2x",
        "Included": true
      },
      {
        "DisplayName": "Chat Configurations",
        "FunctionalityName": "ChatConfigurations",
        "Channel": "Chat",
        "Icon": "fas fa-comments fa-2x",
        "Included": true
      },
      {
        "DisplayName": "Chat Templates",
        "FunctionalityName": "ChatTemplates",
        "Channel": "Chat",
        "Icon": "fas fa-comments fa-2x",
        "Included": true
      },
      {
        "DisplayName": "Chat Intent Skill Mapping",
        "FunctionalityName": "ChatIntentSkillMapping",
        "Channel": "Chat",
        "Icon": "fas fa-bars fa-2x",
        "Included": true
      },
      {
        "DisplayName": "Call Back Management",
        "FunctionalityName": "IvrCallback",
        "Channel": "Chat",
        "Icon": "fas fa-headset fa-2x",
        "Included": true
      },
      {
        "DisplayName": "Chat Menu Description",
        "FunctionalityName": "ChatMenuDescription",
        "Channel": "Chat",
        "Icon": "fas fa-bars fa-2x",
        "Included": true
      },
      {
        "DisplayName": "Email Template",
        "FunctionalityName": "EmailTemplate",
        "Channel": "Email",
        "Icon": "fas fa-envelope-open fa-2x",
        "Included": true
      },
      {
        "DisplayName": "Email Account Config",
        "FunctionalityName": "EmailAccountConfiguration",
        "Channel": "Email",
        "Icon": "fas fa-cog fa-2x",
        "Included": true
      },
      {
        "DisplayName": "Email Skill Map",
        "FunctionalityName": "EmailSkillMap",
        "Channel": "Email",
        "Icon": "fas fa-map-signs fa-2x",
        "Included": true
      },
      {
        "DisplayName": "Email Senders",
        "FunctionalityName": "EmailSenders",
        "Channel": "Email",
        "Icon": "fas fa-paper-plane fa-2x",
        "Included": true
      },
      {
        "DisplayName": "SMS Response Template",
        "FunctionalityName": "SMSResponseTemplate",
        "Channel": "SMS",
        "Icon": "fab fa-replyd fa-2x",
        "Included": true
      },
      {
        "DisplayName": "Text Synonyms",
        "FunctionalityName": "TextSynonyms",
        "Channel": "SMS",
        "Icon": "fas fa-font fa-2x",
        "Included": true
      },
      {
        "DisplayName": "SMS Alert",
        "FunctionalityName": "SmsAlert",
        "Channel": "SMS",
        "Icon": "fal fa-exclamation-circle fa-2x",
        "Included": true
      },
      {
        "DisplayName": "POM Purging Utility",
        "FunctionalityName": "POMPurgingUtility",
        "Channel": "AutoDialer",
        "Icon": "fas fa-trash fa-2x",
        "Included": true
      },
      {
        "DisplayName": "POM DNC Bulk Upload",
        "FunctionalityName": "POMDNCBulkUpload",
        "Channel": "AutoDialer",
        "Icon": "fas fa-cloud-upload fa-2x",
        "Included": true
      },
      {
        "DisplayName": "Campaign Utility for HA",
        "FunctionalityName": "CampaignUtilityHA",
        "Channel": "AutoDialer",
        "Icon": "fas fa-puzzle-piece fa-2x",
        "Included": true
      },
      {
        "DisplayName": "Manual Upload Utility",
        "FunctionalityName": "POMManualUploadUtility",
        "Channel": "AutoDialer",
        "Icon": "fas fa-upload fa-2x",
        "Included": true
      },
      {
        "DisplayName": "Campaign Mapping",
        "FunctionalityName": "CampaignMapping",
        "Channel": "AutoDialer",
        "Icon": "fas fa-map-signs fa-2x",
        "Included": true
      },
      {
        "DisplayName": "Campaign Linking",
        "FunctionalityName": "CampaignLinking",
        "Channel": "AutoDialer",
        "Icon": "fas fa-cloud-upload fa-2x",
        "Included": true
      },
      {
        "DisplayName": "Holiday List",
        "FunctionalityName": "IvrHolidayList",
        "Channel": "IVR",
        "Icon": "far fa-list-alt fa-2x",
        "Included": true
      },
      {
        "DisplayName": "Host Value Mapping",
        "FunctionalityName": "IvrHostmap",
        "Channel": "IVR",
        "Icon": "fas fa-map-signs fa-2x",
        "Included": true
      },
      {
        "DisplayName": "Intent Mapping",
        "FunctionalityName": "IvrIntentMapping",
        "Channel": "IVR",
        "Icon": "fas fa-map-signs fa-2x",
        "Included": true
      },
      {
        "DisplayName": "Menu Description Mapping",
        "FunctionalityName": "IvrMenuDescription",
        "Channel": "IVR",
        "Icon": "fas fa-bars fa-2x",
        "Included": true
      },
      {
        "DisplayName": "Operating Hours",
        "FunctionalityName": "IvrOperatingHours",
        "Channel": "IVR",
        "Icon": "fas fa-business-time fa-2x",
        "Included": true
      },
      {
        "DisplayName": "Billing Org",
        "FunctionalityName": "BillingOrg",
        "Channel": "IVR",
        "Icon": "fas fa-file-invoice fa-2x",
        "Included": true
      },
      {
        "DisplayName": "Branch Details",
        "FunctionalityName": "IvrBranchDetails",
        "Channel": "IVR",
        "Icon": "far fa-building fa-2x",
        "Included": true
      },
      {
        "DisplayName": "Fax Forms",
        "FunctionalityName": "IvrFaxFormName",
        "Channel": "IVR",
        "Icon": "fas fa-file-invoice fa-2x",
        "Included": true
      },
      {
        "DisplayName": "Fax Group",
        "FunctionalityName": "IvrFaxGroup",
        "Channel": "IVR",
        "Icon": "fas fa-layer-group fa-2x",
        "Included": true
      },
      {
        "DisplayName": "Speech Module",
        "FunctionalityName": "IvrSpeechModule",
        "Channel": "IVR",
        "Icon": "fas fa-microphone-alt fa-2x",
        "Included": true
      },
      {
        "DisplayName": "Product Promotions",
        "FunctionalityName": "IvrProductPromotions",
        "Channel": "IVR",
        "Icon": "fab fa-product-hunt fa-2x",
        "Included": true
      },
      {
        "DisplayName": "Intro Message Announcement",
        "FunctionalityName": "IvrIntroductoryMessageAnnouncement",
        "Channel": "IVR",
        "Icon": "fas fa-megaphone fa-2x",
        "Included": true
      },
      {
        "DisplayName": "Callback Announcement",
        "FunctionalityName": "IvrCallBackAnnouncement",
        "Channel": "IVR",
        "Icon": "fas fa-headset fa-2x",
        "Included": true
      },
      {
        "DisplayName": "IVR Config",
        "FunctionalityName": "IvrConfig",
        "Channel": "IVR",
        "Icon": "fas fa-cog fa-2x",
        "Included": true
      },
      {
        "DisplayName": "IVR Ops Control",
        "FunctionalityName": "IvrOpsControl",
        "Channel": "IVR",
        "Icon": "fas fa-cog fa-2x",
        "Included": true
      },
      {
        "DisplayName": "Branch Management",
        "FunctionalityName": "IvrBranchManagement",
        "Channel": "IVR",
        "Icon": "far fa-building fa-2x",
        "Included": true
      },
      {
        "DisplayName": "Adhoc Option Enhancement",
        "FunctionalityName": "AdhocOptionEnhancement",
        "Channel": "IVR",
        "Icon": "fas fa-th-list fa-2x",
        "Included": true
      },
      {
        "DisplayName": "VB Enrollment Flag",
        "FunctionalityName": "VbEnrollmentFlag",
        "Channel": "IVR",
        "Icon": "fas fa-bullhorn fa-2x",
        "Included": true
      },
      {
        "DisplayName": "Dex CRM Links",
        "FunctionalityName": "DexCRMLinks",
        "Channel": "IVR",
        "Icon": "fas fa-ticket fa-2x",
        "Included": true
      },
      {
        "DisplayName": "SRL Tier",
        "FunctionalityName": "SRLTier",
        "Channel": "IVR",
        "Icon": "fas fa-ticket fa-2x",
        "Included": true
      },
      {
        "DisplayName": "SRC Tier",
        "FunctionalityName": "SRCTier",
        "Channel": "IVR",
        "Icon": "fas fa-ticket fa-2x",
        "Included": true
      },
      {
        "DisplayName": "Profit Tier",
        "FunctionalityName": "ProfitTier",
        "Channel": "IVR",
        "Icon": "fas fa-ticket fa-2x",
        "Included": true
      },
      {
        "DisplayName": "Exclusion List",
        "FunctionalityName": "ExclusionList",
        "Channel": "IVR",
        "Icon": "fas fa-ticket fa-2x",
        "Included": true
      },
      {
        "DisplayName": "VDN Survey Info",
        "FunctionalityName": "VdnSurveyInfo",
        "Channel": "IVR",
        "Icon": "fal fa-info-square fa-2x",
        "Included": true
      },
      {
        "DisplayName": "CSO Survey QA",
        "FunctionalityName": "CsoSurvey",
        "Channel": "IVR",
        "Icon": "fas fa-map-marked-alt fa-2x",
        "Included": true
      },
      {
        "DisplayName": "Routing Logic",
        "FunctionalityName": "RoutingLogic",
        "Channel": "IVR",
        "Icon": "fas fa-users fa-2x",
        "Included": true
      },
      {
        "DisplayName": "Order Take Configuration",
        "FunctionalityName": "OrderTakeConfiguration",
        "Channel": "IVR",
        "Icon": "fas fa-list-alt fa-2x",
        "Included": true
      },
      {
        "DisplayName": "Agent Transfer",
        "FunctionalityName": "AgentTransfer",
        "Channel": "IVR",
        "Icon": "fas fa-exchange fa-2x",
        "Included": true
      },
      {
        "DisplayName": "Fax Application Form",
        "FunctionalityName": "FaxApplicationForm",
        "Channel": "IVR",
        "Icon": "fas fa-fax fa-2x",
        "Included": true
      },
      {
        "DisplayName": "FeeWaiver",
        "FunctionalityName": "IVRFeeWaiver",
        "Channel": "IVR",
        "Icon": "fas fa-address-card fa-2x",
        "Included": true
      },
      {
        "DisplayName": "Email Callback",
        "FunctionalityName": "EmailCallback",
        "Channel": "IVR",
        "Icon": "fas fa-headset fa-2x",
        "Included": true
      },
      {
        "DisplayName": "Admin Callback",
        "FunctionalityName": "AdminCallback",
        "Channel": "IVR",
        "Icon": "fas fa-headset fa-2x",
        "Included": true
      },
      {
        "DisplayName": "IVR Survey QA",
        "FunctionalityName": "IVRSurvey",
        "Channel": "IVR",
        "Icon": "fas fa-map-marked-alt fa-2x",
        "Included": true
      },
      {
        "DisplayName": "Callback Enable/Disable",
        "FunctionalityName": "CallbackEnableDisable",
        "Channel": "IVR",
        "Icon": "fas fa-toggle-on fa-2x",
        "Included": true
      },
      {
        "DisplayName": "Callback Management",
        "FunctionalityName": "IvrCallbackManagement",
        "Channel": "IVR",
        "Icon": "fas fa-headset  fa-2x",
        "Included": true
      },
      {
        "DisplayName": "VIP List Management",
        "FunctionalityName": "VIPListManagement",
        "Channel": "IVR",
        "Icon": "fas fa-list-alt fa-2x",
        "Included": true
      },
      {
        "DisplayName": "IVR Public Key Config",
        "FunctionalityName": "IVRPublicKeyConfig",
        "Channel": "IVR",
        "Icon": "fas fa-upload fa-2x",
        "Included": true
      },
      {
        "DisplayName": "Mask Unmask Skillset",
        "FunctionalityName": "MaskUnmaskSkillset",
        "Channel": "IVR",
        "Icon": "far fa-eye-slash fa-2x",
        "Included": true
      },
      {
        "DisplayName": "Contingency Call Flow",
        "FunctionalityName": "ContingencyCallFlow",
        "Channel": "IVR",
        "Icon": "far fa-eye-slash fa-2x",
        "Included": true
      },
      {
        "DisplayName": "Contingency Wave File Upload",
        "FunctionalityName": "ContingencyWaveFileUpload",
        "Channel": "IVR",
        "Icon": "fas fa-upload fa-2x",
        "Included": true
      },
      {
        "DisplayName": "Helpline Operating Hours",
        "FunctionalityName": "HelplineOperatingHours",
        "Channel": "IVR",
        "Icon": "fas fa-business-time fa-2x",
        "Included": true
      },
      {
        "DisplayName": "Personalize IVR Phrase Configuration",
        "FunctionalityName": "IvrPhraseConfiguration",
        "Channel": "IVR",
        "Icon": "fas fa-volume-up fa-2x",
        "Included": true
      },
      {
        "DisplayName": "Personalize IVR",
        "FunctionalityName": "PersonalizeIvr",
        "Channel": "IVR",
        "Icon": "fas fa-volume-up fa-2x",
        "Included": true
      },
      {
        "DisplayName": "Transaction Limit Management",
        "FunctionalityName": "TransactionLimitManagement",
        "Channel": "IVR",
        "Icon": "fas fa-file-invoice-dollar fa-2x ",
        "Included": true
      },
      {
        "DisplayName": "TDM Threshold Configuration",
        "FunctionalityName": "DeskManager",
        "Channel": "Home",
        "Icon": "fas fa-tasks fa-2x ",
        "Included": true
      },
      {
        "DisplayName": "Autho Flag Config",
        "FunctionalityName": "IvrAuthoFlagConfig",
        "Channel": "IVR",
        "Icon": "fas fa-cog fa-2x",
        "Included": true
      }
    ],
    "CheckerChannelData": [
      {
        "DisplayName": "Agent Setting Sync Checker",
        "FunctionalityName": "AgentSettingSync",
        "Channel": "TMAC",
        "Icon": "fas fa-user-cog fa-2x",
        "Included": true
      },
      {
        "DisplayName": "Branch Management Sync Checker",
        "FunctionalityName": "IvrBranchManagementSync",
        "Channel": "IVR",
        "Icon": "far fa-building fa-2x",
        "Included": true
      },
      {
        "DisplayName": "Host Value Mapping Sync Checker",
        "FunctionalityName": "IvrHostmapSync",
        "Channel": "IVR",
        "Icon": "fas fa-map-signs fa-2x",
        "Included": true
      },
      {
        "DisplayName": "Intro Message Announcement Sync Checker",
        "FunctionalityName": "IvrIntroductoryMessageAnnouncementSync",
        "Channel": "IVR",
        "Icon": "fa fa-cogs fa-2x",
        "Included": true
      },
      {
        "DisplayName": "SMS Alert Sync Checker",
        "FunctionalityName": "SmsAlertSync",
        "Channel": "SMS",
        "Icon": "fal fa-exclamation-circle fa-2x",
        "Included": true
      },
      {
        "DisplayName": "SMS Response Template Sync Checker",
        "FunctionalityName": "SMSResponseTemplateSync",
        "Channel": "SMS",
        "Icon": "fab fa-replyd fa-2x",
        "Included": true
      },
      {
        "DisplayName": "Role Management Sync Checker",
        "FunctionalityName": "RoleManagementSync",
        "Channel": "Home",
        "Icon": "far fa-users-cog fa-2x",
        "Included": true
      },
      {
        "DisplayName": "User Role Mapping Sync Checker",
        "FunctionalityName": "UserRoleMappingSync",
        "Channel": "Home",
        "Icon": "far fa-users fa-2x",
        "Included": true
      },
      {
        "DisplayName": "Fax Template Sync Checker",
        "FunctionalityName": "FaxTemplateSync",
        "Channel": "Fax",
        "Icon": "fas fa-fax fa-2x",
        "Included": true
      },
      {
        "DisplayName": "POM Manual Upload Utility Sync Checker",
        "FunctionalityName": "POMManualUploadUtilitySync",
        "Channel": "AutoDialer",
        "Icon": "fas fa-upload fa-2x",
        "Included": true
      },
      {
        "DisplayName": "User Profile Mapping Sync Checker",
        "FunctionalityName": "SocialMediaUserProfileMappingSync",
        "Channel": "SM",
        "Icon": "fas fa-volume-up fa-2x",
        "Included": true
      },
      {
        "DisplayName": "Personalize IVR Phrase Configuration Sync Checker",
        "FunctionalityName": "IvrPhraseConfigurationSync",
        "Channel": "IVR",
        "Icon": "fas fa-volume-up fa-2x",
        "Included": true
      },
      {
        "DisplayName": "Personalize IVR  Sync Checker",
        "FunctionalityName": "PersonalizeIvrSync",
        "Channel": "IVR",
        "Icon": "fas fa-users fa-2x",
        "Included": true
      },
      {
        "DisplayName": "IVR Config Sync Checker",
        "FunctionalityName": "IvrConfigSync",
        "Channel": "IVR",
        "Icon": "fas fa-cog fa-2x",
        "Included": true
      }
    ]
  },
  "Reports": {
    "Channels": [
      {
        "DisplayName": "Email",
        "FunctionalityName": "Email",
        "Included": true
      },
      {
        "DisplayName": "IVR",
        "FunctionalityName": "IVR",
        "Included": true
      },
      {
        "DisplayName": "Chat",
        "FunctionalityName": "Chat",
        "Included": true
      },
      {
        "DisplayName": "Fax",
        "FunctionalityName": "Fax",
        "Included": true
      },
      {
        "DisplayName": "SMS",
        "FunctionalityName": "SMS",
        "Included": true
      },
      {
        "DisplayName": "Agent",
        "FunctionalityName": "Agent",
        "Included": true
      },
      {
        "DisplayName": "CallBack",
        "FunctionalityName": "CallBack",
        "Included": true
      },
      {
        "DisplayName": "Common",
        "FunctionalityName": "Common",
        "Included": true
      },
      {
        "DisplayName": "Social Media",
        "FunctionalityName": "SocialMedia",
        "Included": true
      },
      {
        "DisplayName": "Dynamic",
        "FunctionalityName": "Dynamic",
        "Included": true
      },
      {
        "DisplayName": "Auto Dialer",
        "FunctionalityName": "AutoDialer",
        "Included": true
      },
      {
        "DisplayName": "Collections",
        "FunctionalityName": "Collections",
        "Included": true
      },
      {
        "DisplayName": "Campaign",
        "FunctionalityName": "Campaign",
        "Included": true
      },
      {
        "DisplayName": "Video",
        "FunctionalityName": "Video",
        "Included": true
      },
      {
        "DisplayName": "Sales",
        "FunctionalityName": "Sales",
        "Included": true
      }
    ],
    "ChannelData": [
      {
        "DisplayName": "Agent Summary Report",
        "FunctionalityName": "AgentSummaryReport",
        "Channel": "Agent",
        "Icon": "",
        "Included": true
      },
      {
        "DisplayName": "Agent Login Logout Report",
        "FunctionalityName": "AgentLoginLogoutReport",
        "Channel": "Agent",
        "Icon": "",
        "Included": true
      },
      {
        "DisplayName": "Agent VDN Report",
        "FunctionalityName": "AgentVDNReport",
        "Channel": "Agent",
        "Icon": "",
        "Included": true
      },
      {
        "DisplayName": "Agent Interaction Report",
        "FunctionalityName": "AgentInteractionReport",
        "Channel": "Agent",
        "Icon": "",
        "Included": true
      },
      {
        "DisplayName": "Agent Historical Report",
        "FunctionalityName": "AgentHistoricalReport",
        "Channel": "Agent",
        "Icon": "",
        "Included": true
      },
      {
        "DisplayName": "Skill Historical Report",
        "FunctionalityName": "SkillHistoricalReport",
        "Channel": "Agent",
        "Icon": "",
        "Included": true
      },
      {
        "DisplayName": "Interaction Actions Report",
        "FunctionalityName": "TmacInteractionActionsReport",
        "Channel": "Agent",
        "Icon": "",
        "Included": true
      },
      {
        "DisplayName": "OCM Agent Summary Report",
        "FunctionalityName": "OCMAgentSummaryReport",
        "Channel": "Agent",
        "Icon": "",
        "Included": true
      },
      {
        "DisplayName": "OCM Agent Historical Report",
        "FunctionalityName": "OCMAgentHistoricalReport",
        "Channel": "Agent",
        "Icon": "",
        "Included": true
      },
      {
        "DisplayName": "OCM Skill Historical Report",
        "FunctionalityName": "OCMSkillHistoricalReport",
        "Channel": "Agent",
        "Icon": "",
        "Included": true
      },
      {
        "DisplayName": "OCM Agent Aux Report",
        "FunctionalityName": "OCMAgentAuxReport",
        "Channel": "Agent",
        "Icon": "",
        "Included": true
      },
      {
        "DisplayName": "OCM Agent Login Logout Report",
        "FunctionalityName": "OCMAgentLoginLogoutReport",
        "Channel": "Agent",
        "Icon": "",
        "Included": true
      },
      {
        "DisplayName": "OCM Agent Interaction Report",
        "FunctionalityName": "OCMAgentInteractionReport",
        "Channel": "Agent",
        "Icon": "",
        "Included": true
      },
      {
        "DisplayName": "OCM Agent Scripting Report",
        "FunctionalityName": "OCMAgentScriptingReport",
        "Channel": "Agent",
        "Icon": "",
        "Included": true
      },
      {
        "DisplayName": "OCM Direct Banking Web Chat MIS Report",
        "FunctionalityName": "OCMDirectBankingWebChatMISReport",
        "Channel": "Agent",
        "Icon": "",
        "Included": true
      },
      {
        "DisplayName": "OCM Direct Banking Web Chat MIS Report - Agent",
        "FunctionalityName": "OCMDirectBankingWebChatMISReportAgent",
        "Channel": "Agent",
        "Icon": "",
        "Included": true
      },
      {
        "DisplayName": "OCM Direct Banking Web Chat MIS Report - By Time Productivity",
        "FunctionalityName": "OCMDirectBankingWebChatMISReportByTimeProductivity",
        "Channel": "Agent",
        "Icon": "",
        "Included": true
      },
      {
        "DisplayName": "OCM Direct Banking Web Chat MIS Report - Service Quality",
        "FunctionalityName": "OCMDirectBankingWebChatMISReportServiceQuality",
        "Channel": "Agent",
        "Icon": "",
        "Included": true
      },
      {
        "DisplayName": "OCM Direct Banking Web Chat MIS Report - Service Quality (Chat Nature)",
        "FunctionalityName": "OCMDirectBankingWebChatMISReportServiceQualityChatNature",
        "Channel": "Agent",
        "Icon": "",
        "Included": true
      },
      {
        "DisplayName": "OCM Direct Banking WebChat MIS Report - Service Quality Questions",
        "FunctionalityName": "OCMDirectBankingWebChatMISReportServiceQualityQuestions",
        "Channel": "Agent",
        "Icon": "",
        "Included": true
      },
      {
        "DisplayName": "OCM Interaction Actions Report",
        "FunctionalityName": "OCMInteractionActionsReport",
        "Channel": "Agent",
        "Icon": "",
        "Included": true
      },
      {
        "DisplayName": "OCM Skill Profile Report",
        "FunctionalityName": "OCMSkillProfileReport",
        "Channel": "Agent",
        "Icon": "",
        "Included": true
      },
      {
        "DisplayName": "OCM Blended Agent Report",
        "FunctionalityName": "OCMAutoDialerBlendedAgentReport",
        "Channel": "AutoDialer",
        "Icon": "",
        "Included": true
      },
      {
        "DisplayName": "OCM Contact List Import Summary Report",
        "FunctionalityName": "OCMAutoDialerContactListImportSummaryReport",
        "Channel": "AutoDialer",
        "Icon": "",
        "Included": true
      },
      {
        "DisplayName": "OCM DNC List Report",
        "FunctionalityName": "OCMAutoDialerDNCListReport",
        "Channel": "AutoDialer",
        "Icon": "",
        "Included": true
      },
      {
        "DisplayName": "OCM Contact List Purge Report",
        "FunctionalityName": "OCMAutoDialerContactListPurgeReport",
        "Channel": "AutoDialer",
        "Icon": "",
        "Included": true
      },
      {
        "DisplayName": "OCM Call Attempt Report",
        "FunctionalityName": "OCMAutoDialerCallAttemptReport",
        "Channel": "AutoDialer",
        "Icon": "",
        "Included": true
      },
      {
        "DisplayName": "OCM Campaign Response By Count Report",
        "FunctionalityName": "OCMAutoDialerCampaignResponseByCountReport",
        "Channel": "AutoDialer",
        "Icon": "",
        "Included": true
      },
      {
        "DisplayName": "OCM Call Back Schedule Report",
        "FunctionalityName": "OCMAutoDialerCallBackScheduleReport",
        "Channel": "AutoDialer",
        "Icon": "",
        "Included": true
      },
      {
        "DisplayName": "OCM Campaign Response By Cent Report",
        "FunctionalityName": "OCMAutoDialerCampaignResponseByCentReport",
        "Channel": "AutoDialer",
        "Icon": "",
        "Included": true
      },
      {
        "DisplayName": "OCM Campaign Response Summary Report",
        "FunctionalityName": "OCMAutoDialerCampaignResponseSummaryReport",
        "Channel": "AutoDialer",
        "Icon": "",
        "Included": true
      },
      {
        "DisplayName": "OCM Not Called List Report",
        "FunctionalityName": "OCMAutoDialerNotCalledListReport",
        "Channel": "Agent",
        "Icon": "",
        "Included": true
      },
      {
        "DisplayName": "Analysis Count Report",
        "FunctionalityName": "IvrMenuAnalysisReport",
        "Channel": "IVR",
        "Icon": "",
        "Included": true
      },
      {
        "DisplayName": "Analysis Count Graph Report",
        "FunctionalityName": "AnalysisCountGraphReport",
        "Channel": "IVR",
        "Icon": "",
        "Included": true
      },
      {
        "DisplayName": "IVR Host Transaction",
        "FunctionalityName": "IvrHostTransactionReport",
        "Channel": "IVR",
        "Icon": "",
        "Included": true
      },
      {
        "DisplayName": "IVR Call Trace Report",
        "FunctionalityName": "IvrCallTraceReport",
        "Channel": "IVR",
        "Icon": "",
        "Included": true
      },
      {
        "DisplayName": "IVR Survey of CSO Report",
        "FunctionalityName": "IvrSurveyofCSOReport",
        "Channel": "IVR",
        "Icon": "",
        "Included": true
      },
      {
        "DisplayName": "IVR Customer Journey Report",
        "FunctionalityName": "IvrCustomerJourneyReport",
        "Channel": "IVR",
        "Icon": "",
        "Included": true
      },
      {
        "DisplayName": "IVR Call Transfer Report",
        "FunctionalityName": "CallTransferReport",
        "Channel": "IVR",
        "Icon": "",
        "Included": true
      },
      {
        "DisplayName": "IVR Caller Identification Report",
        "FunctionalityName": "IvrCallerIdentificationReport",
        "Channel": "IVR",
        "Icon": "",
        "Included": true
      },
      {
        "DisplayName": "IVR Daily Report",
        "FunctionalityName": "IvrDailyReportUrl",
        "Channel": "IVR",
        "Icon": "",
        "Included": true
      },
      {
        "DisplayName": "IVR Skill Details Report",
        "FunctionalityName": "IvrSkillDetailsReport",
        "Channel": "IVR",
        "Icon": "",
        "Included": true
      },
      {
        "DisplayName": "IVR Order Taking Report",
        "FunctionalityName": "IvrOrderTakingReport",
        "Channel": "IVR",
        "Icon": "",
        "Included": true
      },
      {
        "DisplayName": "IVR Drop Request Detail Report",
        "FunctionalityName": "IvrDropRequestDetailReport",
        "Channel": "IVR",
        "Icon": "",
        "Included": true
      },
      {
        "DisplayName": "OCM Call Transfer Report",
        "FunctionalityName": "OCMCallTransferReport",
        "Channel": "IVR",
        "Icon": "",
        "Included": true
      },
      {
        "DisplayName": "OCM IVR Host Transaction",
        "FunctionalityName": "OCMIvrHostTransactionReport",
        "Channel": "IVR",
        "Icon": "",
        "Included": true
      },
      {
        "DisplayName": "OCM Analysis Count Report",
        "FunctionalityName": "OCMIvrMenuAnalysisReport",
        "Channel": "IVR",
        "Icon": "",
        "Included": true
      },
      {
        "DisplayName": "OCM IVR Call Trace Report",
        "FunctionalityName": "OCMIvrCallTraceReport",
        "Channel": "IVR",
        "Icon": "",
        "Included": true
      },
      {
        "DisplayName": "OCM IVR Order Taking Report",
        "FunctionalityName": "OCMIvrOrderTakingReport",
        "Channel": "IVR",
        "Icon": "",
        "Included": true
      },
      {
        "DisplayName": "CallBack Report",
        "FunctionalityName": "CallBackReport",
        "Channel": "CallBack",
        "Icon": "",
        "Included": true
      },
      {
        "DisplayName": "CallBack SLA Report",
        "FunctionalityName": "CallBackSlaReport",
        "Channel": "CallBack",
        "Icon": "",
        "Included": true
      },
      {
        "DisplayName": "Audit Trail Report",
        "FunctionalityName": "AuditTrailReport",
        "Channel": "Common",
        "Icon": "",
        "Included": true
      },
      {
        "DisplayName": "Outbound Calls Report",
        "FunctionalityName": "OutboundCallsReport",
        "Channel": "Common",
        "Icon": "",
        "Included": true
      },
      {
        "DisplayName": "Nice Integration Report",
        "FunctionalityName": "NiceIntegrationReport",
        "Channel": "Common",
        "Icon": "",
        "Included": true
      },
      {
        "DisplayName": "VB Callback Details Report",
        "FunctionalityName": "VbCallbackDetailReport",
        "Channel": "Common",
        "Icon": "",
        "Included": true
      },
      {
        "DisplayName": "Wake Up Call Report",
        "FunctionalityName": "WakeUpCallReport",
        "Channel": "Common",
        "Icon": "",
        "Included": true
      },
      {
        "DisplayName": "Queue Summary Report",
        "FunctionalityName": "QueueSummaryReport",
        "Channel": "Common",
        "Icon": "",
        "Included": true
      },
      {
        "DisplayName": "Intent Detail Report",
        "FunctionalityName": "IntentDetailReport",
        "Channel": "Common",
        "Icon": "",
        "Included": true
      },
      {
        "DisplayName": "Call Queue Report",
        "FunctionalityName": "CallQueueReport",
        "Channel": "Common",
        "Icon": "",
        "Included": true
      },
      {
        "DisplayName": "Call Work Report",
        "FunctionalityName": "CallWorkReport",
        "Channel": "Common",
        "Icon": "",
        "Included": true
      },
      {
        "DisplayName": "OCM VB Callback Detail Report",
        "FunctionalityName": "OCMVbCallbackDetailReport",
        "Channel": "Common",
        "Icon": "",
        "Included": true
      },
      {
        "DisplayName": "OCM Role Access Report",
        "FunctionalityName": "OCMRoleAccessReport",
        "Channel": "Common",
        "Icon": "",
        "Included": true
      },
      {
        "DisplayName": "OCM User Listing Report",
        "FunctionalityName": "OCMUserListingReport",
        "Channel": "Common",
        "Icon": "",
        "Included": true
      },
      {
        "DisplayName": "Chat Agent Performance Report",
        "FunctionalityName": "ChatAgentPerformanceReport",
        "Channel": "Chat",
        "Icon": "",
        "Included": true
      },
      {
        "DisplayName": "Chat Interaction Report",
        "FunctionalityName": "ChatInteractionReport",
        "Channel": "Chat",
        "Icon": "",
        "Included": true
      },
      {
        "DisplayName": "Chat Details Report",
        "FunctionalityName": "ChatDetailsReport",
        "Channel": "Chat",
        "Icon": "",
        "Included": true
      },
      {
        "DisplayName": "OCM Chat Agent Performance Report",
        "FunctionalityName": "OCMChatAgentPerformanceReport",
        "Channel": "Chat",
        "Icon": "",
        "Included": true
      },
      {
        "DisplayName": "OCM Chat Interaction Report",
        "FunctionalityName": "OCMChatInteractionReport",
        "Channel": "Chat",
        "Icon": "",
        "Included": true
      },
      {
        "DisplayName": "OCM Audio Video Playback Report",
        "FunctionalityName": "OCMAudioVideoPlaybackReport",
        "Channel": "Chat",
        "Icon": "",
        "Included": true
      },
      {
        "DisplayName": "OCM Audio Video Playback Report",
        "FunctionalityName": "OCMSingtelAudioVideoPlaybackReport",
        "Channel": "Video",
        "Icon": "",
        "Included": true
      },
      {
        "DisplayName": "OCM Chat Interaction ChatBot Report",
        "FunctionalityName": "OCMChatInteractionChatBotReport",
        "Channel": "Chat",
        "Icon": "",
        "Included": true
      },
      {
        "DisplayName": "OCM Chat Analysis Count Report",
        "FunctionalityName": "OCMChatAnalysisCountReport",
        "Channel": "Chat",
        "Icon": "",
        "Included": true
      },
      {
        "DisplayName": "OCM Chat Transfer Report",
        "FunctionalityName": "OCMChatTransferReport",
        "Channel": "Chat",
        "Icon": "",
        "Included": true
      },
      {
        "DisplayName": "OCM Chat Host Transaction Report",
        "FunctionalityName": "OCMChatHostTransactionReport",
        "Channel": "Chat",
        "Icon": "",
        "Included": true
      },
      {
        "DisplayName": "OCM Chatbot Interaction Report",
        "FunctionalityName": "OCMChatbotInteractionReport",
        "Channel": "Chat",
        "Icon": "",
        "Included": true
      },
      {
        "DisplayName": "Email Detail Report",
        "FunctionalityName": "EmailDetailReport",
        "Channel": "Email",
        "Icon": "",
        "Included": true
      },
      {
        "DisplayName": "Email Interval Report",
        "FunctionalityName": "EmailIntervalReport",
        "Channel": "Email",
        "Icon": "",
        "Included": true
      },
      {
        "DisplayName": "Email Agent Performance Report",
        "FunctionalityName": "EmailAgentPerformanceReport",
        "Channel": "Email",
        "Icon": "",
        "Included": true
      },
      {
        "DisplayName": "Email SL Historical Report",
        "FunctionalityName": "EmailSLHistoricalReport",
        "Channel": "Email",
        "Icon": "",
        "Included": true
      },
      {
        "DisplayName": "Pending Email Ageing Report",
        "FunctionalityName": "PendingEmailAgeingReport",
        "Channel": "Email",
        "Icon": "",
        "Included": true
      },
      {
        "DisplayName": "Email Outbound Summary",
        "FunctionalityName": "EmailOutboundSummaryReport",
        "Channel": "Email",
        "Icon": "",
        "Included": true
      },
      {
        "DisplayName": "Email Skill Daily Report",
        "FunctionalityName": "EmailSkillDailyReport",
        "Channel": "Email",
        "Icon": "",
        "Included": true
      },
      {
        "DisplayName": "Fax Detail Report",
        "FunctionalityName": "FaxDetailReport",
        "Channel": "Fax",
        "Icon": "",
        "Included": true
      },
      {
        "DisplayName": "OCM Fax Received Details Report",
        "FunctionalityName": "OCMFaxReceivedDetailsReport",
        "Channel": "Fax",
        "Icon": "",
        "Included": true
      },
      {
        "DisplayName": "OCM Fax Sent Details Report",
        "FunctionalityName": "OCMFaxSentDetailsReport",
        "Channel": "Fax",
        "Icon": "",
        "Included": true
      },
      {
        "DisplayName": "SMS Analysis Count Report",
        "FunctionalityName": "SmsAnalysisCountReport",
        "Channel": "SMS",
        "Icon": "",
        "Included": true
      },
      {
        "DisplayName": "SMS Detail Report",
        "FunctionalityName": "SmsDetailReport",
        "Channel": "SMS",
        "Icon": "",
        "Included": true
      },
      {
        "DisplayName": "SMS Survey Report",
        "FunctionalityName": "SMSSurveyReport",
        "Channel": "SMS",
        "Icon": "",
        "Included": true
      },
      {
        "DisplayName": "SMS Host Transaction Report",
        "FunctionalityName": "SMSHostTransactionReport",
        "Channel": "SMS",
        "Icon": "",
        "Included": true
      },
      {
        "DisplayName": "SMS Interaction Report",
        "FunctionalityName": "SmsInteractionReport",
        "Channel": "SMS",
        "Icon": "",
        "Included": true
      },
      {
        "DisplayName": "SMS Alert Report",
        "FunctionalityName": "SmsStatusReport",
        "Channel": "SMS",
        "Icon": "",
        "Included": true
      },
      {
        "DisplayName": "SMS Report",
        "FunctionalityName": "SMSReport",
        "Channel": "SMS",
        "Icon": "",
        "Included": true
      },
      {
        "DisplayName": "OCM SMS Report",
        "FunctionalityName": "OCMSMSReport",
        "Channel": "SMS",
        "Icon": "",
        "Included": true
      },
      {
        "DisplayName": "OCM SMS Host Transaction Report",
        "FunctionalityName": "OCMSMSHostTransactionReport",
        "Channel": "SMS",
        "Icon": "",
        "Included": true
      },
      {
        "DisplayName": "OCM SMS Interaction Report",
        "FunctionalityName": "OCMSMSInteractionReport",
        "Channel": "SMS",
        "Icon": "",
        "Included": true
      },
      {
        "DisplayName": "OCM SMS R2W Report",
        "FunctionalityName": "OCMSMSR2WReport",
        "Channel": "SMS",
        "Icon": "",
        "Included": true
      },
      {
        "DisplayName": "Facebook Interaction Report",
        "FunctionalityName": "FacebookInteractionReport",
        "Channel": "SocialMedia",
        "Icon": "",
        "Included": true
      },
      {
        "DisplayName": "OCM WhatsApp Interaction Report",
        "FunctionalityName": "OCMWhatsAppInteractionReport",
        "Channel": "SocialMedia",
        "Icon": "",
        "Included": true
      },
      {
        "DisplayName": "OCM Sales AI Renewal Policy Report",
        "FunctionalityName": "OCMSalesAIRenewalPolicyReport",
        "Channel": "Sales",
        "Icon": "",
        "Included": true
      },
      {
        "DisplayName": "OCM Sales New Policy Report",
        "FunctionalityName": "OCMSalesNewPolicyReport",
        "Channel": "Sales",
        "Icon": "",
        "Included": true
      },
      {
        "DisplayName": "OCM Sales Card Activation Submission Report",
        "FunctionalityName": "OCMSalesCardActivationSubmissionReport",
        "Channel": "Sales",
        "Icon": "",
        "Included": true
      },
      {
        "DisplayName": "OCM Sales CE AF Retention Report",
        "FunctionalityName": "OCMSalesCEAFRetentionReport",
        "Channel": "Sales",
        "Icon": "",
        "Included": true
      },
      {
        "DisplayName": "OCM CS Sales Report",
        "FunctionalityName": "OCMCSSalesReport",
        "Channel": "Sales",
        "Icon": "",
        "Included": true
      },
      {
        "DisplayName": "OCM GI Sales Report",
        "FunctionalityName": "OCMGISalesReport",
        "Channel": "Sales",
        "Icon": "",
        "Included": true
      },
      {
        "DisplayName": "OCM ACQ VA Sales Report",
        "FunctionalityName": "OCMACQVASalesReport",
        "Channel": "Sales",
        "Icon": "",
        "Included": true
      },
      {
        "DisplayName": "OCM Smart Pay Sales Report",
        "FunctionalityName": "OCMSmartPaySalesReport",
        "Channel": "Sales",
        "Icon": "",
        "Included": true
      },
      {
        "DisplayName": "OCM DCP Sales Report",
        "FunctionalityName": "OCMDCPSalesReport",
        "Channel": "Sales",
        "Icon": "",
        "Included": true
      },
      {
        "DisplayName": "OCM CCPL Sales Report",
        "FunctionalityName": "OCMCCPLSalesReport",
        "Channel": "Sales",
        "Icon": "",
        "Included": true
      },
      {
        "DisplayName": "OCM CCFT Sales Report",
        "FunctionalityName": "OCMCCFTSalesReport",
        "Channel": "Sales",
        "Icon": "",
        "Included": true
      },
      {
        "DisplayName": "OCM CPFT Sales Report",
        "FunctionalityName": "OCMCPFTSalesReport",
        "Channel": "Sales",
        "Icon": "",
        "Included": true
      },
      {
        "DisplayName": "OCM Agent Owned Recalls Report",
        "FunctionalityName": "OCMCollectionsAgentOwnedRecallsReport",
        "Channel": "Collections",
        "Icon": "",
        "Included": true
      },
      {
        "DisplayName": "OCM Call Attempt Report",
        "FunctionalityName": "OCMCollectionsCallAttemptReport",
        "Channel": "Collections",
        "Icon": "",
        "Included": true
      },
      {
        "DisplayName": "OCM List Accounts not Attempted",
        "FunctionalityName": "OCMCollectionsListAccountsnotAttempted",
        "Channel": "Collections",
        "Icon": "",
        "Included": true
      },
      {
        "DisplayName": "OCM Secured Unsecured Performance Report",
        "FunctionalityName": "OCMCollectionsSecuredUnsecuredPerformanceReport",
        "Channel": "Collections",
        "Icon": "",
        "Included": true
      },
      {
        "DisplayName": "OCM Inbound Abandoned Report",
        "FunctionalityName": "OCMCollectionsInboundAbandonedReport",
        "Channel": "Collections",
        "Icon": "",
        "Included": true
      },
      {
        "DisplayName": "OCM Outbound Nuisance Report",
        "FunctionalityName": "OCMCollectionsOutboundNuisanceReport",
        "Channel": "Collections",
        "Icon": "",
        "Included": true
      },
      {
        "DisplayName": "OCM Accounts Not In Listing Report",
        "FunctionalityName": "OCMCollectionsAccountsNotInListingReport",
        "Channel": "Collections",
        "Icon": "",
        "Included": true
      },
      {
        "DisplayName": "OCM Predictive Job Performance Summary Report",
        "FunctionalityName": "OCMCollectionsPredictiveJobPerformanceSummaryReport",
        "Channel": "Collections",
        "Icon": "",
        "Included": true
      },
      {
        "DisplayName": "OCM Preview Agent Time Summary Report",
        "FunctionalityName": "OCMCollectionsPreviewAgentTimeSummaryReport",
        "Channel": "Collections",
        "Icon": "",
        "Included": true
      },
      {
        "DisplayName": "OCM Preview Job Summary Report",
        "FunctionalityName": "OCMCollectionsPreviewJobSummaryReport",
        "Channel": "Collections",
        "Icon": "",
        "Included": true
      },
      {
        "DisplayName": "OCM Predictive Agent Time Summary Report",
        "FunctionalityName": "OCMCollectionsPredictiveAgentTimeSummaryReport",
        "Channel": "Collections",
        "Icon": "",
        "Included": true
      },
      {
        "DisplayName": "OCM DNC List Report",
        "FunctionalityName": "OCMCollectionsDNCListReport",
        "Channel": "Collections",
        "Icon": "",
        "Included": true
      },
      {
        "DisplayName": "OCM NSP List Report",
        "FunctionalityName": "OCMCollectionsNSPListReport",
        "Channel": "Collections",
        "Icon": "",
        "Included": true
      },
      {
        "DisplayName": "OCM NTC Report",
        "FunctionalityName": "OCMCollectionsNTCReport",
        "Channel": "Collections",
        "Icon": "",
        "Included": true
      },
      {
        "DisplayName": "OCM Survey Summary Report",
        "FunctionalityName": "OCMCampaignSurveySummaryReport",
        "Channel": "Campaign",
        "Icon": "",
        "Included": true
      },
      {
        "DisplayName": "OCM Respondent Summary Report",
        "FunctionalityName": "OCMCampaignRespondentSummaryReport",
        "Channel": "Campaign",
        "Icon": "",
        "Included": true
      },
      {
        "DisplayName": "OCM Survey Search And Retrieval Report",
        "FunctionalityName": "OCMCampaignSurveySearchAndRetrievalReport",
        "Channel": "Campaign",
        "Icon": "",
        "Included": true
      },
      {
        "DisplayName": "OCM TH DNC List Report",
        "FunctionalityName": "OCMTHTelesalesDNCListReport",
        "Channel": "AutoDialer",
        "Icon": "",
        "Included": true
      },
      {
        "DisplayName": "OCM TH Not Called List Report",
        "FunctionalityName": "OCMTHTelesalesNotCalledListReport",
        "Channel": "AutoDialer",
        "Icon": "",
        "Included": true
      },
      {
        "DisplayName": "OCM TH Contact List Import Error Report",
        "FunctionalityName": "OCMTHTelesalesContactListImportErrorReport",
        "Channel": "AutoDialer",
        "Icon": "",
        "Included": true
      },
      {
        "DisplayName": "OCM TH Contact List Purge Detail Report",
        "FunctionalityName": "OCMTHTelesalesContactListPurgeDetailReport",
        "Channel": "AutoDialer",
        "Icon": "",
        "Included": true
      },
      {
        "DisplayName": "OCM Agent Performance Report",
        "FunctionalityName": "OCMCampaignAgentPerformanceReport",
        "Channel": "Campaign",
        "Icon": "",
        "Included": true
      },
      {
        "DisplayName": "OCM Agent Average Report",
        "FunctionalityName": "OCMCampaignAgentAverageReport",
        "Channel": "Campaign",
        "Icon": "",
        "Included": true
      },
      {
        "DisplayName": "OCM Agent Survey Performance Report",
        "FunctionalityName": "OCMCampaignAgentSurveyPerformanceReport",
        "Channel": "Campaign",
        "Icon": "",
        "Included": true
      },
      {
        "DisplayName": "OCM Agent Survey Average Report",
        "FunctionalityName": "OCMCampaignAgentSurveyAverageReport",
        "Channel": "Campaign",
        "Icon": "",
        "Included": true
      },
      {
        "DisplayName": "OCM TH Contact List Import Summary Report",
        "FunctionalityName": "OCMTHTelesalesContactListImportSummaryReport",
        "Channel": "AutoDialer",
        "Icon": "",
        "Included": true
      },
      {
        "DisplayName": "OCM TH Inbound Abandoned Report",
        "FunctionalityName": "OCMTHTelesalesInboundAbandonedReport",
        "Channel": "AutoDialer",
        "Icon": "",
        "Included": true
      },
      {
        "DisplayName": "OCM Unauthorized Access Report",
        "FunctionalityName": "OCMUnauthorizedAccessReport",
        "Channel": "Common",
        "Icon": "",
        "Included": true
      },
      {
        "DisplayName": "OCM Daily Statistics By Transactions Report",
        "FunctionalityName": "OCMDailyStatisticsByTransactionsReport",
        "Channel": "IVR",
        "Icon": "",
        "Included": true
      },
      {
        "DisplayName": "OCM Daily Statistics Count Report",
        "FunctionalityName": "OCMDailyStatisticsCountReport",
        "Channel": "IVR",
        "Icon": "",
        "Included": true
      },
      {
        "DisplayName": "OCM IPT BIT RC Report",
        "FunctionalityName": "OCMIRASIPTBITRCReport",
        "Channel": "IVR",
        "Icon": "",
        "Included": true
      },
      {
        "DisplayName": "OCM IPT CLR RC Report",
        "FunctionalityName": "OCMIRASIPTCLRRCReport",
        "Channel": "IVR",
        "Icon": "",
        "Included": true
      },
      {
        "DisplayName": "OCM IPT IIT RC Report",
        "FunctionalityName": "OCMIRASIPTIITRCReport",
        "Channel": "IVR",
        "Icon": "",
        "Included": true
      },
      {
        "DisplayName": "OCM IPT PT RC Report",
        "FunctionalityName": "OCMIRASIPTPTRCReport",
        "Channel": "IVR",
        "Icon": "",
        "Included": true
      },
      {
        "DisplayName": "OCM ENF RC Report",
        "FunctionalityName": "OCMIRASENFRCReport",
        "Channel": "IVR",
        "Icon": "",
        "Included": true
      },
      {
        "DisplayName": "OCM CT RC Report",
        "FunctionalityName": "OCMIRASCTRCReport",
        "Channel": "IVR",
        "Icon": "",
        "Included": true
      },
      {
        "DisplayName": "OCM GST RC Report",
        "FunctionalityName": "OCMIRASGSTRCReport",
        "Channel": "IVR",
        "Icon": "",
        "Included": true
      },
      {
        "DisplayName": "OCM SD RC Report",
        "FunctionalityName": "OCMIRASSDRCReport",
        "Channel": "IVR",
        "Icon": "",
        "Included": true
      },
      {
        "DisplayName": "OCM EPES RC Report",
        "FunctionalityName": "OCMIRASEPESRCReport",
        "Channel": "IVR",
        "Icon": "",
        "Included": true
      },
      {
        "DisplayName": "Security Administration Report",
        "FunctionalityName": "SecurityAdministrationReport",
        "Channel": "Common",
        "Icon": "",
        "Included": true
      },
      {
        "DisplayName": "OCM Threshold Report",
        "FunctionalityName": "OCMThresholdReport",
        "Channel": "Common",
        "Icon": "",
        "Included": true
      },
      {
        "DisplayName": "OCM Frequently Hit Threshold Report",
        "FunctionalityName": "OCMFrequentlyHitThresholdReport",
        "Channel": "Common",
        "Icon": "",
        "Included": true
      },
      {
        "DisplayName": "OCM TimeLine Report",
        "FunctionalityName": "OCMTimeLineReport",
        "Channel": "Common",
        "Icon": "",
        "Included": true
      },
      {
        "DisplayName": "OCM Agent Rating Report",
        "FunctionalityName": "OCMAgentRatingReport",
        "Channel": "Agent",
        "Icon": "",
        "Included": true
      },
      {
        "DisplayName": "Fee Waiver Transaction Report",
        "FunctionalityName": "FeeWaiverTransactionReport",
        "Channel": "IVR",
        "Icon": "",
        "Included": true
      },
      {
        "DisplayName": "Fax SLA Report",
        "FunctionalityName": "FaxSlaReport",
        "Channel": "Fax",
        "Icon": "",
        "Included": true
      },
      {
        "DisplayName": "OCM Personalize IVR Report",
        "FunctionalityName": "OCMPersonalizeIVRReport",
        "Channel": "IVR",
        "Icon": "",
        "Included": true
      },
      {
        "DisplayName": "OCM Specific Enquiries AIIT Listing Report",
        "FunctionalityName": "OCMSpecificEnquiriesAIITListingReport",
        "Channel": "IVR",
        "Icon": "",
        "Included": true
      },
      {
        "DisplayName": "OCM Specific Enquiries APT Listing Report",
        "FunctionalityName": "OCMSpecificEnquiriesAPTListingReport",
        "Channel": "IVR",
        "Icon": "",
        "Included": true
      },
      {
        "DisplayName": "OCM Specific Enquiries BIIT Listing Report",
        "FunctionalityName": "OCMSpecificEnquiriesBIITListingReport",
        "Channel": "IVR",
        "Icon": "",
        "Included": true
      },
      {
        "DisplayName": "OCM Specific Enquiries BPT Listing Report",
        "FunctionalityName": "OCMSpecificEnquiriesBPTListingReport",
        "Channel": "IVR",
        "Icon": "",
        "Included": true
      },
      {
        "DisplayName": "OCM DBS HK Chat Interaction Report",
        "FunctionalityName": "OCMDBSHKChatInteractionReport",
        "Channel": "Chat",
        "Icon": "",
        "Included": true
      },
      {
        "DisplayName": "OCM Successful Registration Deregistration Report",
        "FunctionalityName": "OCMSuccessfulRegistrationDeregistrationReport",
        "Channel": "SocialMedia",
        "Icon": "",
        "Included": true
      },
      {
        "DisplayName": "OCM Email Status Report",
        "FunctionalityName": "OCMEmailStatusReport",
        "Channel": "Email",
        "Icon": "",
        "Included": true
      },
      {
        "DisplayName": "OCM IVR Count Summary Report",
        "FunctionalityName": "OCMIvrCountSummaryReport",
        "Channel": "IVR",
        "Icon": "",
        "Included": true
      },
      {
        "DisplayName": "OCM IVR Caller Identification Report",
        "FunctionalityName": "OCMIvrCallerIdentificationReport",
        "Channel": "IVR",
        "Icon": "",
        "Included": true
      },
      {
        "DisplayName": "OCM LINE Overall Statistic Report",
        "FunctionalityName": "OCMLINEOverallStatisticReport",
        "Channel": "SocialMedia",
        "Icon": "",
        "Included": true
      },
      {
        "DisplayName": "OCM IVR Skill Details Report",
        "FunctionalityName": "OCMIVRSkillDetailsReport",
        "Channel": "IVR",
        "Icon": "",
        "Included": true
      }

    ]
    //"ReadOnlyChannelData": [
    //  {
    //    "DisplayName": "IVR Call Trace Report",
    //    "FunctionalityName": "IvrCallTraceReportReadOnly",
    //    "Channel": "IVR",
    //    "Icon": "",
    //    "Included": true
    //  },
    //  {
    //    "DisplayName": "IVR Host Transaction Report",
    //    "FunctionalityName": "IvrHostTransactionReportReadOnly",
    //    "Channel": "IVR",
    //    "Icon": "",
    //    "Included": true
    //  },
    //  {
    //    "DisplayName": "Analysis Count Report ReadOnly",
    //    "FunctionalityName": "IvrMenuAnalysisReportReadOnly",
    //    "Channel": "IVR",
    //    "Icon": "",
    //    "Included": true
    //  },
    //  {
    //    "DisplayName": "IVR Call Transfer Report",
    //    "FunctionalityName": "CallTransferReportReadOnly",
    //    "Channel": "IVR",
    //    "Icon": "",
    //    "Included": true
    //  },
    //  {
    //    "DisplayName": "Agent Interaction Report Read Only",
    //    "FunctionalityName": "AgentInteractionReportReadOnly",
    //    "Channel": "Agent",
    //    "Icon": "",
    //    "Included": true
    //  },
    //  {
    //    "DisplayName": "Agent Login Logout Report Read Only",
    //    "FunctionalityName": "AgentLoginLogoutReportReadOnly",
    //    "Channel": "Agent",
    //    "Icon": "",
    //    "Included": true
    //  },
    //  {
    //    "DisplayName": "Agent Summary Report Read Only",
    //    "FunctionalityName": "AgentSummaryReportReadOnly",
    //    "Channel": "Agent",
    //    "Icon": "",
    //    "Included": true
    //  },
    //  {
    //    "DisplayName": "Skill Historical Report Read Only",
    //    "FunctionalityName": "SkillHistoricalReportReadOnly",
    //    "Channel": "Agent",
    //    "Icon": "",
    //    "Included": true
    //  },
    //  {
    //    "DisplayName": "Call Back SLA Report Read Only",
    //    "FunctionalityName": "CallBackSlaReportReadOnly",
    //    "Channel": "Agent",
    //    "Icon": "",
    //    "Included": true
    //  },
    //  {
    //    "DisplayName": "Audit Trail Report Read Only",
    //    "FunctionalityName": "AuditTrailReportReadOnly",
    //    "Channel": "Common",
    //    "Icon": "",
    //    "Included": true
    //  },
    //  {
    //    "DisplayName": "VB Callback Detail Report ReadOnly",
    //    "FunctionalityName": "VbCallbackDetailReportReadOnly",
    //    "Channel": "Common",
    //    "Icon": "",
    //    "Included": true
    //  },
    //  {
    //    "DisplayName": "Chat Interaction Report Read Only",
    //    "FunctionalityName": "ChatInteractionReportReadOnly",
    //    "Channel": "Chat",
    //    "Icon": "",
    //    "Included": true
    //  },
    //  {
    //    "DisplayName": "Chat Agent Performance Report Read Only",
    //    "FunctionalityName": "ChatAgentPerformanceReportReadOnly",
    //    "Channel": "Chat",
    //    "Icon": "",
    //    "Included": true
    //  },
    //  {
    //    "DisplayName": "Chat Agent Performance Report Read Only",
    //    "FunctionalityName": "ChatAgentPerformanceReportReadOnly",
    //    "Channel": "Chat",
    //    "Icon": "",
    //    "Included": true
    //  },
    //  {
    //    "DisplayName": "IVR Order Taking Report Read Only",
    //    "FunctionalityName": "IvrOrderTakingReportReadOnly",
    //    "Channel": "IVR",
    //    "Icon": "",
    //    "Included": true
    //  }
    //]
  },
  "Dashboards": {
    "Channels": [
      {
        "DisplayName": "Email",
        "FunctionalityName": "Email",
        "Included": true
      },
      {
        "DisplayName": "IVR",
        "FunctionalityName": "IVR",
        "Included": true
      },
      {
        "DisplayName": "Chat",
        "FunctionalityName": "Chat",
        "Included": true
      },
      {
        "DisplayName": "Fax",
        "FunctionalityName": "Fax",
        "Included": true
      },
      {
        "DisplayName": "SMS",
        "FunctionalityName": "SMS",
        "Included": true
      },
      {
        "DisplayName": "Agent",
        "FunctionalityName": "Agent",
        "Included": true
      },
      {
        "DisplayName": "CallBack",
        "FunctionalityName": "CallBack",
        "Included": true
      },
      {
        "DisplayName": "Common",
        "FunctionalityName": "Common",
        "Included": true
      },
      {
        "DisplayName": "Social Media",
        "FunctionalityName": "SocialMedia",
        "Included": true
      },
      {
        "DisplayName": "Custom",
        "FunctionalityName": "Custom",
        "Included": true
      },
      {
        "DisplayName": "Auto Dialer",
        "FunctionalityName": "AutoDialer",
        "Included": true
      },
      {
        "DisplayName": "Line",
        "FunctionalityName": "Line",
        "Included": true
      }
    ],
    "ChannelData": [
      {
        "DisplayName": "Chat Callback Dashboard",
        "FunctionalityName": "ChatCallbackDashboard",
        "Channel": "Chat",
        "Icon": "",
        "Included": true
      },
      {
        "DisplayName": "Chat Dashboard",
        "FunctionalityName": "ChatDashboard",
        "Channel": "Chat",
        "Icon": "",
        "Included": true
      },
      {
        "DisplayName": "Chatbot Dashboard",
        "FunctionalityName": "ChatbotDashboard",
        "Channel": "Chat",
        "Icon": "",
        "Included": true
      },
      {
        "DisplayName": "Chat Real Time Dashboard",
        "FunctionalityName": "ChatRealtimeDashboard",
        "Channel": "Chat",
        "Icon": "",
        "Included": true
      },
      {
        "DisplayName": "Customer Dashboard",
        "FunctionalityName": "CustomerDashboard",
        "Channel": "Agent",
        "Icon": "",
        "Included": true
      },
      {
        "DisplayName": "Email Dashboard",
        "FunctionalityName": "EmailDashboard",
        "Channel": "Email",
        "Icon": "",
        "Included": true
      },
      {
        "DisplayName": "Email Real Time Dashboard",
        "FunctionalityName": "EmailRealTimeDashboard",
        "Channel": "Email",
        "Icon": "",
        "Included": true
      },
      {
        "DisplayName": "Voice/Self-Service Dashboard",
        "FunctionalityName": "IVRDashboard",
        "Channel": "IVR",
        "Icon": "",
        "Included": true
      },
      {
        "DisplayName": "SMS Dashboard",
        "FunctionalityName": "SMSDashboard",
        "Channel": "SMS",
        "Icon": "",
        "Included": true
      },
      {
        "DisplayName": "Voice Callback Dashboard",
        "FunctionalityName": "VoiceCallbackDashboard",
        "Channel": "IVR",
        "Icon": "",
        "Included": true
      },
      {
        "DisplayName": "Voice Real Time Dashboard",
        "FunctionalityName": "VoiceRealtimeDashboard",
        "Channel": "IVR",
        "Icon": "",
        "Included": true
      },
      {
        "DisplayName": "Chat Self-Service Dashboard",
        "FunctionalityName": "ChatSelfServiceDashboard",
        "Channel": "Chat",
        "Icon": "",
        "Included": true
      },
      {
        "DisplayName": "Fax Dashboard",
        "FunctionalityName": "FaxDashboard",
        "Channel": "Fax",
        "Icon": "",
        "Included": true
      },
      {
        "DisplayName": "Line Dashboard",
        "FunctionalityName": "LineDashboard",
        "Channel": "Line",
        "Icon": "",
        "Included": true
      }
    ]
  },
  "OtherApplications": {
    "Channels": [
      {
        "DisplayName": "TMAC",
        "FunctionalityName": "TMAC",
        "Included": true
      },
      {
        "DisplayName": "IVR",
        "FunctionalityName": "IVR",
        "Included": true
      },
      {
        "DisplayName": "Chat",
        "FunctionalityName": "Chat",
        "Included": true
      },
      {
        "DisplayName": "SMS",
        "FunctionalityName": "SMS",
        "Included": true
      },
      {
        "DisplayName": "Email",
        "FunctionalityName": "Email",
        "Included": true
      },
      {
        "DisplayName": "Fax",
        "FunctionalityName": "Fax",
        "Included": true
      },
      {
        "DisplayName": "Home",
        "FunctionalityName": "Home",
        "Included": true
      },
      {
        "DisplayName": "AutoDialer",
        "FunctionalityName": "AutoDialer",
        "Included": true
      }
    ],
    "ChannelData": [
      {
        "DisplayName": "Interaction WorkFlow Maker",
        "FunctionalityName": "InteractionWorkFlowMaker",
        "Channel": "IVR",
        "Icon": "fas fa-sitemap fa-2x",
        "Included": true
      },
      {
        "DisplayName": "InteractionWorkFlowChecker",
        "FunctionalityName": "InteractionWorkFlowChecker",
        "Channel": "IVR",
        "Icon": "fas fa-sitemap fa-2x",
        "Included": true
      },
      {
        "DisplayName": "InteractionWorkFlowPreviewer",
        "FunctionalityName": "InteractionWorkFlowPreviewer",
        "Channel": "IVR",
        "Icon": "fas fa-sitemap fa-2x",
        "Included": true
      },
      {
        "DisplayName": "InteractionWorkFlowChatMaker",
        "FunctionalityName": "InteractionWorkFlowChatMaker",
        "Channel": "IVR",
        "Icon": "fas fa-sitemap fa-2x",
        "Included": true
      },
      {
        "DisplayName": "InteractionWorkFlowChatChecker",
        "FunctionalityName": "InteractionWorkFlowChatChecker",
        "Channel": "IVR",
        "Icon": "fas fa-sitemap fa-2x",
        "Included": true
      },
      {
        "DisplayName": "InteractionWorkFlowChatPreviewer",
        "FunctionalityName": "InteractionWorkFlowChatPreviewer",
        "Channel": "IVR",
        "Icon": "fas fa-sitemap fa-2x",
        "Included": true
      },
      {
        "DisplayName": "Old Interaction Workflow Tree Maker",
        "FunctionalityName": "INTERACTION_WORKFLOW",
        "Channel": "IVR",
        "Icon": "fas fa-sitemap fa-2x",
        "Included": true
      },
      {
        "DisplayName": "Old Interaction Workflow Tree Checker",
        "FunctionalityName": "INTERACTION_WORKFLOW_",
        "Channel": "IVR",
        "Icon": "fas fa-sitemap fa-2x",
        "Included": true
      },
      {
        "DisplayName": "Agent Scripting Maker",
        "FunctionalityName": "AgentScriptingMaker",
        "Channel": "Home",
        "Icon": "fas fa-clipboard-prescription fa-2x",
        "Included": true
      },
      {
        "DisplayName": "Agent Scripting Checker",
        "FunctionalityName": "AgentScriptingChecker",
        "Channel": "Home",
        "Icon": "fas fa-clipboard-prescription fa-2x",
        "Included": true
      },
      {
        "DisplayName": "Agent Scripting Previewer",
        "FunctionalityName": "AgentScriptingPreviewer",
        "Channel": "Home",
        "Icon": "fas fa-clipboard-prescription fa-2x",
        "Included": true
      },
      {
        "DisplayName": "Tetherfi Management Console",
        "FunctionalityName": "TetherfiManagementConsole",
        "Channel": "Home",
        "Icon": "fas fa-laptop-code fa-2x",
        "Included": true
      },
      {
        "DisplayName": "Campaign Manager",
        "FunctionalityName": "CampaignManager",
        "Channel": "TMAC",
        "Icon": "fas fa-phone fa-2x",
        "Included": true
      },
      {
        "DisplayName": "Historical Reports",
        "FunctionalityName": "HistoricalReports",
        "Channel": "Home",
        "Icon": "fa fa-bar-chart fa-2x",
        "Included": true
      },
      {
        "DisplayName": "Desk Manager",
        "FunctionalityName": "DeskManagerUrl",
        "Channel": "Home",
        "Icon": "fa fa-bar-chart fa-2x",
        "Included": true
      }
    ]
  }
}