{
  "ms1": {
    "Name": "name", // <media-server-name>:string
    "Url": "IP", // <media-server-socket-address>:string
    "PingInterval": 5000, // <ping-internval-in-milliseconds>:number
    "CTIEvents": false, // <to-check-CTI-events>:boolean
    "CTIActions": "" //<CTI-commands-to-execute>:string - [AnswerCall,HoldCall,UnHoldCall,TransferCall,TransferCancel,TransferComplete,ConferenceBlind,ConferenceCall,ConferenceCancel,ConferenceComplete,TransferToIVR,TransferBlind]
  }

  //"ms2": {
  //  "Name": "",
  //  "Url": "",
  //  "PingInterval": 0,
  //  "CTIEvents": false
  //  "CTIActions": ""
  //},

  //"ms3": {
  //  "Name": "",
  //  "Url": "",
  //  "PingInterval": 0,
  //  "CTIEvents": false
  //  "CTIActions": ""
  //},

  //...
}