﻿{
  "ApplicationServerUrlList": [
    {
      "Server": "http://localhost/OCMWebSync/OCMApplicationWebSyncProcessor.asmx"
    },
    {
      "Server": "http://10.133.146.11:52916/OCMApplicationWebSync/OCMApplicationWebSyncProcessor.asmx"
    }
  ],
  "ModulesToSync": { //Set to true/false to synchronize files to other ocm application servers listed above
    "SyncFaxTemplateFiles": "true",
    "SyncIvrPhraseConfigurationWavFiles": "true",
    "SyncPersonalizeIvrWavFiles": "true",
    "SyncCallBackAnnouncementWavFiles": "true",
    "SyncHostValueMappingWavFiles": "true",
    "SyncAdhocOptionEnhancementWavFiles": "true",
    "SyncBranchManagementWavFiles": "true",
    "SyncIntroMessageWavFiles": "true",
    "SyncContingencyWavFiles": "true"
  }
}
