{
  "JsonVersioningDetails": {
    "FileName": "FaxTemplate.json",
    "Location": "AdminModules",
    "Version": "3.2.8.30",
    "LastModifiedDateTime": "30-08-2019 08:30:00 AM",
    "LastModifiedBy": "Adhip",
    "Description": "Versioning Added"
  },
  "Name": "FaxTemplate",
  "DisplayName": "Fax Template",
  "FormGroup": 2,
  "MakerChecker": true,
  "ConfigKey": "", 
  "GridColumns": [
    {
      "Title": "Template Name",
      "PropertyName": "TemplateName",
      "Editable": true,
      "ColumnWidth": "col-lg-6",
      "ID": "",
      "FormGroup": 2,
      "Hidden": false,
      "Width": 100,
      "Encoded": false,
      "ClientTemplate": "",
      "DateFormat": "",
      "ConfigProperty": "",
      "Mandatory": true,
      "IncludeGrid": false,
      "FieldType": "",
      "Maxlength": "100",
      "OnKeyUpEvent": "",
      "OnMouseOutEvent": ""
    },
    {
      "Title": "Id",
      "PropertyName": "TemplateID",
      "Editable": true,
      "ColumnWidth": "col-lg-6",
      "ID": "",
      "FormGroup": 2,
      "Hidden": true,
      "Width": 100,
      "Encoded": false,
      "ClientTemplate": "",
      "DateFormat": "",
      "ConfigProperty": "",
      "Mandatory": true,
      "IncludeGrid": false,
      "FieldType": "",
      "Maxlength": "10",
      "OnKeyUpEvent": "",
      "OnMouseOutEvent": ""
    },
    {
      "Title": "Custom",
      "PropertyName": "CustomKey",
      "Editable": true,
      "ColumnWidth": "col-lg-6",
      "ID": "",
      "FormGroup": 2,
      "Hidden": true,
      "Width": 100,
      "Encoded": false,
      "ClientTemplate": "",
      "DateFormat": "",
      "ConfigProperty": "",
      "Mandatory": true,
      "IncludeGrid": false,
      "FieldType": "",
      "FieldRows": "",
      "Maxlength": "",
      "OnKeyUpEvent": "",
      "OnMouseOutEvent": ""
    },
    {
      "Title": "TemplateHtml",
      "PropertyName": "TemplateHtml",
      "Editable": true,
      "ColumnWidth": "col-lg-6",
      "ID": "",
      "FormGroup": 2,
      "Hidden": false,
      "Width": 100,
      "Encoded": false,
      "ClientTemplate": "",
      "DateFormat": "",
      "ConfigProperty": "",
      "Mandatory": false,
      "IncludeGrid": false,
      "FieldType": "",
      "FieldRows": "",
      "Maxlength": "",
      "OnKeyUpEvent": "",
      "OnMouseOutEvent": ""
    },
    {
      "Title": "Last Changed By",
      "PropertyName": "LastChangedBy",
      "Editable": true,
      "ColumnWidth": "col-lg-5",
      "ID": "",
      "FormGroup": 2,
      "Hidden": false,
      "Width": 200,
      "Encoded": false,
      "ClientTemplate": "",
      "DateFormat": "",
      "ConfigProperty": "",
      "IncludeGrid": false,
      "Mandatory": false,
      "FieldType": "",
      "FieldRows": "",
      "Maxlength": "",
      "OnKeyUpEvent": "",
      "OnMouseOutEvent": ""
    },
    {
      "Title": "Last Changed On",
      "PropertyName": "LastChangedOn",
      "Editable": true,
      "ColumnWidth": "col-lg-3",
      "ID": "",
      "FormGroup": 2,
      "Hidden": false,
      "Width": 200,
      "Encoded": false,
      "ClientTemplate": "#= checkGridDateTime(LastChangedOn)#",
      "DateFormat": "{0: dd/MM/yyyy HH:mm:ss}",
      "ConfigProperty": "",
      "IncludeGrid": false,
      "Mandatory": false,
      "FieldType": "",
      "FieldRows": "",
      "Maxlength": "",
      "OnKeyUpEvent": "",
      "OnMouseOutEvent": ""
    },
    {
      "Title": "New Template",
      "PropertyName": "NewTemplate",
      "Editable": true,
      "ColumnWidth": "col-lg-5",
      "ID": "",
      "FormGroup": 2,
      "Hidden": false,
      "Width": 200,
      "Encoded": false,
      "ClientTemplate": "",
      "DateFormat": "",
      "ConfigProperty": "",
      "IncludeGrid": false,
      "Mandatory": false,
      "FieldType": "",
      "FieldRows": "",
      "Maxlength": "",
      "OnKeyUpEvent": "",
      "OnMouseOutEvent": ""
    }
  ]
}