﻿{
  "JsonVersioningDetails": {
    "FileName": "IvrHostmap.json",
    "Location": "AdminModules",
    "Version": "3.2.9.18",
    "LastModifiedDateTime": "18-09-2019 08:30:00 AM",
    "LastModifiedBy": "Shruthi",
    "Description": "Added Org Unit Column"
  },
  "Name": "IvrHostmap",
  "DisplayName": "IVR Hostmap",
  "FormGroup": 2,
  "MakerChecker": true,
  "ConfigKey": "",
  "GridColumns": [
    {
      "Title": "Functionality",
      "PropertyName": "Functionality",
      "Editable": true,
      "ColumnWidth": "col-lg-8",
      "ID": "",
      "FormGroup": 2,
      "Hidden": false,
      "Width": 150,
      "Encoded": false,
      "ClientTemplate": "",
      "DateFormat": "",
      "ConfigProperty": "",
      "Mandatory": true,
      "IncludeGrid": false,
      "FieldType": "DropDown",
      "Maxlength": "",
      "DropDownList": {
        "Action": "GetFunctionality",
        "Controller": "IvrHostmap",
        "AutoBind": true,
        "Event": "empty",
        "DataParameter": "sendAntiForgeryToken",
        "ServerOperation": true,
        "Enable": true,
        "CascadeFrom": ""
      },
      "IsDuplicateAllowed": true
    },
    {
      "Title": "Language",
      "PropertyName": "Language",
      "Editable": true,
      "ColumnWidth": "col-lg-8",
      "ID": "",
      "FormGroup": 2,
      "Hidden": false,
      "Width": 150,
      "Encoded": false,
      "ClientTemplate": "",
      "DateFormat": "",
      "ConfigProperty": "",
      "Mandatory": true,
      "IncludeGrid": false,
      "FieldType": "DropDown",
      "Maxlength": "",
      "DropDownList": {
        "Action": "GetLanguage",
        "Controller": "Generic",
        "AutoBind": true,
        "Event": "empty",
        "DataParameter": "sendAntiForgeryToken",
        "ServerOperation": true,
        "Enable": true,
        "CascadeFrom": ""
      },
      "IsDuplicateAllowed": true
    },
    {
      "Title": "Host Data",
      "PropertyName": "HostData",
      "Editable": true,
      "ColumnWidth": "col-lg-8",
      "ID": "",
      "FormGroup": 2,
      "Hidden": false,
      "Width": 150,
      "Encoded": false,
      "ClientTemplate": "",
      "DateFormat": "",
      "ConfigProperty": "",
      "Mandatory": true,
      "IncludeGrid": false,
      "FieldType": "DropDown", //for textbox, change to 'Text' // for dropdown, change to 'DropDown'
      "Maxlength": "50",
      "DropDownList": {
        "Action": "GetHostData",
        "Controller": "IvrHostmap",
        "AutoBind": true,
        "Event": "empty",
        "DataParameter": "sendAntiForgeryToken",
        "ServerOperation": true,
        "Enable": true,
        "CascadeFrom": ""
      },
      "IsDuplicateAllowed": true,
      "OnKeyUpEvent": "return alphanumericonly(event)"
    },
    {
      "Title": "Status",
      "PropertyName": "Status",
      "Editable": true,
      "ColumnWidth": "col-lg-8",
      "ID": "",
      "FormGroup": 2,
      "Hidden": false,
      "Width": 150,
      "Encoded": false,
      "ClientTemplate": "",
      "DateFormat": "",
      "ConfigProperty": "",
      "IncludeGrid": true,
      "Mandatory": false,
      "FieldType": "DropDown",
      "Maxlength": "",
      "DropDownList": {
        "Action": "GetEnableDisable",
        "Controller": "Generic",
        "AutoBind": true,
        "Event": "empty",
        "DataParameter": "sendAntiForgeryToken",
        "ServerOperation": true,
        "Enable": true,
        "CascadeFrom": ""
      },
      "IsDuplicateAllowed": true
    },
    {
      "Title": "Description",
      "PropertyName": "Description",
      "Editable": true,
      "ColumnWidth": "col-lg-8",
      "ID": "",
      "FormGroup": 2,
      "Hidden": false,
      "Width": 100,
      "Encoded": false,
      "ClientTemplate": "",
      "DateFormat": "",
      "ConfigProperty": "",
      "Mandatory": true,
      "IncludeGrid": false,
      "FieldType": "Text",
      "OnKeyUpEvent": "return alphanumericonly(event)",
      "Maxlength": "50",
      "IsDuplicateAllowed": true
    },
    {
      "Title": "Wave File",
      "PropertyName": "WaveFile",
      "Editable": true,
      "Width": 150,
      "ID": "",
      "Encoded": false,
      "ClientTemplate": "#= WaveFileTag#",
      "FieldType": "Upload",
      "ColumnWidth": "col-lg-8",
      "FormGroup": 2,
      "Hidden": false,
      "Mandatory": true,
      "IncludeGrid": false,
      "WaveFile": {
        "Id": "waveFile",
        "Name": "waveFileTag",
        "SelectEventName": "attachClickHandler",
        "UploadEventName": "onWavFileUpload",
        "SaveAction": "Save", //if makerchecker is false change it to SaveToChecker
        "RemoveAction": "Remove",
        "SaveController": "FileUpload",
        "RemoveController": "FileUpload",
        "DisplayTag": "WavefileTag",
        "Validation": [ ".wav" ]
      }
    },
    {
      "Title": "Last Changed By",
      "PropertyName": "LastChangedBy",
      "Editable": true,
      "ColumnWidth": "col-lg-8",
      "ID": "",
      "FormGroup": 2,
      "Hidden": false,
      "Width": 160,
      "Encoded": false,
      "ClientTemplate": "",
      "DateFormat": "",
      "ConfigProperty": "",
      "IncludeGrid": false,
      "Mandatory": false,
      "FieldType": "",
      "Maxlength": "",
      "IsDuplicateAllowed": true
    },
    {
      "Title": "Last Changed On",
      "PropertyName": "LastChangedOn",
      "Editable": true,
      "ColumnWidth": "col-lg-8",
      "ID": "",
      "FormGroup": 2,
      "Hidden": false,
      "Width": 170,
      "Encoded": false,
      "ClientTemplate": "#= checkGridDateTime(LastChangedOn)#",
      "DateFormat": "{0: dd/MM/yyyy HH:mm:ss}",
      "ConfigProperty": "",
      "IncludeGrid": false,
      "Mandatory": false,
      "FieldType": "",
      "Maxlength": "",
      "IsDuplicateAllowed": true
    }
  ]
}