﻿{
  "JsonVersioningDetails": {
    "FileName": "OpaqueData.json",
    "Location": "AdminModules",
    "Version": "11.9",
    "LastModifiedDateTime": "09-11-2018 12:30:00 PM",
    "LastModifiedBy": "Prathik",
    "Description": "Added New page"
  },
  "Name": "OpaqueData",
  "DisplayName": "Opaque Data",
  "FormGroup": 2,
  "MakerChecker": false, //keep always false, as maker-checker functionality is not included
  "ConfigKey": "", //LDAP or IDM
  "GridColumns": [
    {
      "Title": "ID",
      "PropertyName": "Id",
      "Editable": true,
      "ColumnWidth": "col-lg-8",
      "ID": "",
      "FormGroup": 2,
      "Hidden": true,
      "Width": 100,
      "Encoded": false,
      "ClientTemplate": "",
      "Mandatory": false,
      "FieldType": "",
      "IncludeGrid": false
    },
    {
      "Title": "Key",
      "PropertyName": "Key",
      "Editable": true,
      "ColumnWidth": "col-lg-8",
      "ID": "",
      "FormGroup": 2,
      "Hidden": false,
      "Width": 100,
      "Encoded": false,
      "ClientTemplate": "",
      "DateFormat": "",
      "ConfigProperty": "",
      "Mandatory": true,
      "IncludeGrid": false,
      "FieldType": "Text",
      "Maxlength": "200",
      "OnKeyUpEvent": "",
      "OnMouseOutEvent": ""
    },
    {
      "Title": "Value",
      "PropertyName": "Value",
      "Editable": true,
      "ColumnWidth": "col-lg-8",
      "ID": "",
      "FormGroup": 2,
      "Hidden": false,
      "Width": 100,
      "Encoded": false,
      "ClientTemplate": "",
      "DateFormat": "",
      "ConfigProperty": "",
      "Mandatory": true,
      "IncludeGrid": false,
      "FieldType": "Text",
      "Maxlength": "",
      "OnKeyUpEvent": "",
      "OnMouseOutEvent": ""
    },
    {
      "Title": "Last Changed By",
      "PropertyName": "LastChangedBy",
      "Editable": true,
      "ColumnWidth": "col-lg-5",
      "ID": "",
      "FormGroup": 2,
      "Hidden": false,
      "Width": 200,
      "Encoded": false,
      "ClientTemplate": "",
      "DateFormat": "",
      "ConfigProperty": "",
      "IncludeGrid": false,
      "Mandatory": false,
      "FieldType": "",
      "FieldRows": "",
      "Maxlength": "",
      "OnKeyUpEvent": "",
      "OnMouseOutEvent": ""
    },
    {
      "Title": "Last Changed On",
      "PropertyName": "LastChangedOn",
      "Editable": true,
      "ColumnWidth": "col-lg-3",
      "ID": "",
      "FormGroup": 2,
      "Hidden": false,
      "Width": 200,
      "Encoded": false,
      "ClientTemplate": "#= checkGridDateTime(LastChangedOn)#",
      "DateFormat": "{0: dd/MM/yyyy HH:mm:ss}",
      "ConfigProperty": "",
      "IncludeGrid": false,
      "Mandatory": false,
      "FieldType": "",
      "FieldRows": "",
      "Maxlength": "",
      "OnKeyUpEvent": "",
      "OnMouseOutEvent": ""
    }
  ]
}