{
  "JsonVersioningDetails": {
    "FileName": "POMManualUploadUtility.json",
    "Location": "AdminModules",
    "Version": "8.27",
    "LastModifiedDateTime": "27-08-2018 08:30:00 AM",
    "LastModifiedBy": "Adhip",
    "Description": "Versioning Added"
  },
  "Name": "POMManualUploadUtility",
  "DisplayName": "POM Manual UploadUtility",
  "FormGroup": 2,
  "MakerChecker": true,
  "ConfigKey": "",
  "GridColumns": [
    {
      "Title": "",
      "PropertyName": "",
      "Editable": true,
      "ColumnWidth": "col-lg-6",
      "ID": "",
      "FormGroup": 2,
      "Hidden": false,
      "Width": 100,
      "Encoded": false,
      "ClientTemplate": "",
      "DateFormat": "",
      "ConfigProperty": "",
      "Mandatory": true,
      "IncludeGrid": false,
      "FieldType": "",
      "Maxlength": "100",
      "OnKeyUpEvent": "",
      "OnMouseOutEvent": ""
    },
    {
      "Title": "",
      "PropertyName": "",
      "Editable": true,
      "ColumnWidth": "col-lg-6",
      "ID": "",
      "FormGroup": 2,
      "Hidden": true,
      "Width": 100,
      "Encoded": false,
      "ClientTemplate": "",
      "DateFormat": "",
      "ConfigProperty": "",
      "Mandatory": true,
      "IncludeGrid": false,
      "FieldType": "",
      "Maxlength": "10",
      "OnKeyUpEvent": "",
      "OnMouseOutEvent": ""
    },
    {
      "Title": "",
      "PropertyName": "",
      "Editable": true,
      "ColumnWidth": "col-lg-6",
      "ID": "",
      "FormGroup": 2,
      "Hidden": true,
      "Width": 100,
      "Encoded": false,
      "ClientTemplate": "",
      "DateFormat": "",
      "ConfigProperty": "",
      "Mandatory": true,
      "IncludeGrid": false,
      "FieldType": "",
      "FieldRows": "",
      "Maxlength": "",
      "OnKeyUpEvent": "",
      "OnMouseOutEvent": ""
    },
    {
      "Title": "",
      "PropertyName": "",
      "Editable": true,
      "ColumnWidth": "col-lg-6",
      "ID": "",
      "FormGroup": 2,
      "Hidden": false,
      "Width": 100,
      "Encoded": false,
      "ClientTemplate": "",
      "DateFormat": "",
      "ConfigProperty": "",
      "Mandatory": false,
      "IncludeGrid": false,
      "FieldType": "",
      "FieldRows": "",
      "Maxlength": "",
      "OnKeyUpEvent": "",
      "OnMouseOutEvent": ""
    },
    {
      "Title": "",
      "PropertyName": "",
      "Editable": true,
      "ColumnWidth": "col-lg-5",
      "ID": "",
      "FormGroup": 2,
      "Hidden": false,
      "Width": 200,
      "Encoded": false,
      "ClientTemplate": "",
      "DateFormat": "",
      "ConfigProperty": "",
      "IncludeGrid": false,
      "Mandatory": false,
      "FieldType": "",
      "FieldRows": "",
      "Maxlength": "",
      "OnKeyUpEvent": "",
      "OnMouseOutEvent": ""
    },
    {
      "Title": "",
      "PropertyName": "",
      "Editable": true,
      "ColumnWidth": "col-lg-3",
      "ID": "",
      "FormGroup": 2,
      "Hidden": false,
      "Width": 200,
      "Encoded": false,
      "ClientTemplate": "#= checkGridDateTime(LastChangedOn)#",
      "DateFormat": "{0: dd/MM/yyyy HH:mm:ss}",
      "ConfigProperty": "",
      "IncludeGrid": false,
      "Mandatory": false,
      "FieldType": "",
      "FieldRows": "",
      "Maxlength": "",
      "OnKeyUpEvent": "",
      "OnMouseOutEvent": ""
    },
    {
      "Title": "",
      "PropertyName": "",
      "Editable": true,
      "ColumnWidth": "col-lg-5",
      "ID": "",
      "FormGroup": 2,
      "Hidden": false,
      "Width": 200,
      "Encoded": false,
      "ClientTemplate": "",
      "DateFormat": "",
      "ConfigProperty": "",
      "IncludeGrid": false,
      "Mandatory": false,
      "FieldType": "",
      "FieldRows": "",
      "Maxlength": "",
      "OnKeyUpEvent": "",
      "OnMouseOutEvent": ""
    }
  ]
}