﻿{
  "JsonVersioningDetails": {
    "FileName": "RoleManagement.json",
    "Location": "AdminModules",
    "Version": "3.2.8.30",
    "LastModifiedDateTime": "30-08-2019 08:30:00 AM",
    "LastModifiedBy": "Adhip",
    "Description": "Versioning Added"
  },
  "Name": "RoleManagement",
  "DisplayName": "Role Baced Access Management",
  "FormGroup": 2,
  "MakerChecker": false,
  "ConfigKey": "",
  "GridColumns": [
    {
      "Title": "RoleName",
      "PropertyName": "Role Name",
      "Editable": true,
      "ColumnWidth": "col-lg-5",
      "ID": "",
      "FormGroup": 2,
      "Hidden": false,
      "Width": 200,
      "Encoded": false,
      "ClientTemplate": "",
      "DateFormat": "",
      "ConfigProperty": "",
      "IncludeGrid": false,
      "Mandatory": true,
      "FieldType": "Text"
    },
    {
      "Title": "LastChangedBy",
      "PropertyName": "Last Changed By",
      "Editable": true,
      "ColumnWidth": "col-lg-5",
      "ID": "",
      "FormGroup": 2,
      "Hidden": false,
      "Width": 200,
      "Encoded": false,
      "ClientTemplate": "",
      "DateFormat": "",
      "ConfigProperty": "",
      "IncludeGrid": false,
      "Mandatory": false,
      "FieldType": ""
    },
    {
      "Title": "LastChangedOn",
      "PropertyName": "Last Changed On",
      "Editable": true,
      "ColumnWidth": "col-lg-3",
      "ID": "",
      "FormGroup": 2,
      "Hidden": false,
      "Width": 200,
      "Encoded": false,
      "ClientTemplate": "#= checkGridDateTime(LastChangedOn)#",
      "DateFormat": "{0: dd/MM/yyyy HH:mm:ss}",
      "ConfigProperty": "",
      "IncludeGrid": false,
      "Mandatory": false,
      "FieldType": ""
    }
  ]
}