﻿{
  "JsonVersioningDetails": {
    "FileName": "UserRoleMapping.json",
    "Location": "AdminModules",
    "Version": "3.2.8.30",
    "LastModifiedDateTime": "30-08-2019 08:30:00 AM",
    "LastModifiedBy": "Shruthi",
    "Description": "Added IsDuplicateAllowed property and Renamed team as org unit"
  },
  "Name": "UserRoleMapping",
  "DisplayName": "User Role Mapping",
  "FormGroup": 2,
  "MakerChecker": true,
  "ConfigKey": "IDM", //LDAP or IDM
  "GridColumns": [
    {
      "Title": "First Name",
      "PropertyName": "FirstName",
      "Editable": true,
      "ColumnWidth": "col-lg-3",
      "ID": "",
      "FormGroup": 2,
      "Hidden": false,
      "Width": 100,
      "Encoded": false,
      "ClientTemplate": "",
      "DateFormat": "",
      "ConfigProperty": "",
      "Mandatory": true,
      "IncludeGrid": false,
      "Maxlength": "50",
      "FieldType": "Text",
      "IsDuplicateAllowed": true
    },
    {
      "Title": "Last Name",
      "PropertyName": "LastName",
      "Editable": true,
      "ColumnWidth": "col-lg-3",
      "ID": "",
      "FormGroup": 2,
      "Hidden": false,
      "Width": 100,
      "Encoded": false,
      "ClientTemplate": "",
      "DateFormat": "",
      "ConfigProperty": "",
      "Mandatory": true,
      "IncludeGrid": false,
      "Maxlength": "50",
      "FieldType": "Text",
      "IsDuplicateAllowed": true
    },
    {
      "Title": "Lan ID", //Land ID or 1Bank User Name
      "PropertyName": "UserName",
      "Editable": true,
      "ColumnWidth": "col-lg-3",
      "ID": "",
      "FormGroup": 2,
      "Hidden": false,
      "Width": 100,
      "Encoded": false,
      "ClientTemplate": "",
      "DateFormat": "",
      "ConfigProperty": "",
      "Mandatory": true,
      "IncludeGrid": false,
      "Maxlength": "50",
      "FieldType": "Text",
      "IsDuplicateAllowed": true
    },
    {
      "Title": "Login ID", // Avaya Login ID or Finesse Login ID
      "PropertyName": "AvayaLoginID",
      "Editable": true,
      "ColumnWidth": "col-lg-3",
      "ID": "",
      "FormGroup": 2,
      "Hidden": false,
      "Width": 100,
      "Encoded": false,
      "ClientTemplate": "",
      "DateFormat": "",
      "ConfigProperty": "",
      "Mandatory": true,
      "IncludeGrid": false,
      "Maxlength": "10",
      "FieldType": "Numeric", //Numeric or Text
      "IsDuplicateAllowed": false
    },
    {
      "Title": "Org. Unit",
      "PropertyName": "TeamID",
      "Editable": true,
      "ColumnWidth": "col-lg-3",
      "ID": "",
      "FormGroup": 2,
      "Hidden": false,
      "Width": 100,
      "Encoded": false,
      "ClientTemplate": "",
      "DateFormat": "",
      "ConfigProperty": "",
      "Mandatory": true,
      "IncludeGrid": true,
      "FieldType": "DropDownTree",
      "Maxlength": "",
      "DropDownList": {
        "Action": "GetTeamTreeWithOrgUnit",
        "Controller": "Generic",
        "AutoBind": false,
        "Event": "empty",
        "DataParameter": "filterid",
        "ServerOperation": false,
        "Enable": true,
        "CascadeFrom": ""
      },
      "IsDuplicateAllowed": true
    },
    {
      "Title": "Profile",
      "PropertyName": "Profile",
      "Editable": true,
      "ColumnWidth": "col-lg-3",
      "ID": "",
      "FormGroup": 2,
      "Hidden": false,
      "Width": 100,
      "Encoded": false,
      "ClientTemplate": "",
      "DateFormat": "",
      "ConfigProperty": "",
      "Mandatory": true,
      "IncludeGrid": false,
      "FieldType": "DropDown",
      "Maxlength": "",
      "DropDownList": {
        "Action": "GetProfile",
        "Controller": "Generic",
        "AutoBind": true,
        "Event": "empty",
        "DataParameter": "sendAntiForgeryToken",
        "ServerOperation": true,
        "Enable": true,
        "CascadeFrom": ""
      },
      "IsDuplicateAllowed": true
    },
    {
      "Title": "Supervisor",
      "PropertyName": "SupervisorID",
      "Editable": true,
      "ColumnWidth": "col-lg-3",
      "ID": "",
      "FormGroup": 2,
      "Hidden": false,
      "Width": 100,
      "Encoded": false,
      "ClientTemplate": "",
      "DateFormat": "",
      "ConfigProperty": "",
      "Mandatory": true,
      "IncludeGrid": true,
      "FieldType": "DropDown",
      "Maxlength": "",
      "DropDownList": {
        "Action": "GetSupervisors",
        "Controller": "UserRoleMapping",
        "AutoBind": false,
        "Event": "empty",
        "DataParameter": "filterid",
        "ServerOperation": true,
        "Enable": true,
        "CascadeFrom": "TeamID"
      },
      "IsDuplicateAllowed": true
    },
    {
      "Title": "Supervisor Name",
      "PropertyName": "SupervisorName",
      "Editable": true,
      "ColumnWidth": "col-lg-9",
      "ID": "",
      "FormGroup": 2,
      "Hidden": false,
      "Width": 200,
      "Encoded": false,
      "ClientTemplate": "",
      "DateFormat": "",
      "ConfigProperty": "",
      "IncludeGrid": false,
      "Mandatory": false,
      "FieldType": "",
      "Maxlength": "",
      "IsDuplicateAllowed": true
    },
    {
      "Title": "Org. Unit",
      "PropertyName": "TeamName",
      "Editable": true,
      "ColumnWidth": "col-lg-9",
      "ID": "",
      "FormGroup": 2,
      "Hidden": false,
      "Width": 200,
      "Encoded": false,
      "ClientTemplate": "",
      "DateFormat": "",
      "ConfigProperty": "",
      "IncludeGrid": false,
      "Mandatory": false,
      "FieldType": "",
      "Maxlength": "",
      "IsDuplicateAllowed": true
    },
    {
      "Title": "Role",
      "PropertyName": "Role",
      "Editable": true,
      "ColumnWidth": "col-lg-3",
      "ID": "",
      "FormGroup": 2,
      "Hidden": false,
      "Width": 200,
      "Encoded": false,
      "ClientTemplate": "",
      "DateFormat": "",
      "ConfigProperty": "",
      "Mandatory": true,
      "IncludeGrid": false,
      "FieldType": "MultiSelect", //If ConfigKey is IDM keep this MultiSelect. esle TextArea
      "Maxlength": "",
      "DropDownList": {
        "Action": "GetRole",
        "Controller": "UserRoleMapping",
        "Event": "empty",
        "DataParameter": "sendAntiForgeryToken",
        "ServerOperation": true,
        "Enable": true,
        "CascadeFrom": ""
      },
      "IsDuplicateAllowed": true
    }
  ]
}