﻿{
  /*--================================================================================
  --Author: <Prathik>
  --Description: <.>
  --==================================================================================*/
  "JsonVersioningDetails": {
    "FileName": "WorkCodeList.json",
    "Location": "AdminModules",
    "Version": "11.8",
    "LastModifiedDateTime": "08-11-2018 08:30:00 AM",
    "LastModifiedBy": "Prathik",
    "Description": "New json for WorkGrop/WorkCode Creation"
  },
  "WorkcodeHierachy": [
    {
      "ID": 1,
      "WorkLevel": "WorkGroup",
      "ParentID": 0
    },
    {
      "ID": 2,
      "WorkLevel": "WorkCode",
      "ParentID": 1
    }
  ]
}