{
  "ManagementAPIConfiguration": [
    {
      "ServerUrl": "http://172.16.2.19:8086/Manage/",
      "CertificatePath": "",
      "CallbackUrl": "https://indialab.bangalore.tetherfi.com:39445/Callback/Chat/{0}/Event/",
      "Functions": {
        "GetSocialMediaApplications": "Social/Applications", //Get all active Social Media Applications
        "GetSocialMediaApplication": "Social/Application", // Get a active Social Media Applications
        "CreateSocialMediaApplication": "Social/Application", //Create new Social Media Application
        "UpdateSocialMediaApplication": "Social/Application", //Update a Social Media Application
        "DeactivateSocialMediaApplication": "Social/Application", //Deactivate a Social Media Application
        "GetSocialMediaAccounts": "Social/Accounts", //Get all active Social Media Accounts
        "GetSocialMediaAccount": "Social/Account", //Get a active Social Media Accounts
        "CreateSocialMediaAccount": "Social/Account", //Create new Social Media Account
        "UpdateSocialMediaAccount": "Social/Account", // Update Social Media Account
        "DeleteSocialMediaAccount": "Social/Account", // Delete Social Media Account
        "ManageSocialMediaUserAccess": "UserAccess" // Manage user access
      }
    }
  ]
}
