﻿{
  "JsonVersioningDetails": {
    "FileName": "OCMAutoDialerCampaignResponseByCountReport.json",
    "Location": "Reports",
    "Version": "8.31",
    "LastModifiedDateTime": "31-08-2018 08:30:00 PM",
    "LastModifiedBy": "Shreenitha",
    "Description": "Versioning Added and column changes done"
  },
  "ReportName": "OCM Campaign Response By Count Report",
  "Grid": [
    {
      /*Main Grid*/
      "Name": "OCMAutoDialerCampaignResponseByCountReport",
      "ClientDetailTemplateId": "",
      "ClientDetailTemplateColumn": "",
      "DetailReportName": "",
      "DetailReportColumnNameOne": "",
      "DetailReportColumnNameTwo": "",
      "DetailReportColumnNameThree": "",
      "IsdetailReport": false,
      "SummaryDataButton": false,
      "Selectable": "none", /* cell/row/none*/
      "Change": "onChangeGridOne",
      "DataBound": "onDataBound",
      "ColumnHide": "onDataBound",
      "ColumnShow": "onDataBound",
      "ExcelExport": "validateExportExcel",
      "DetailExpand": "onGridDetailExpand",
      "Action": "GetGridData",
      "Controller": "OCMReport",
      "DataParameter": "",
      "ServerOperation": "",
      "GridAutoResize": "1",
      "PageSize": "10",
      "Identity": [
      ],
      "ReportAutoCompleteSearch": {
      },
      "Columns": [
      ]
    },
    {
      /*Main Grid Client Template*/
      "Name": "",
      "ClientDetailTemplateId": "",
      "ClientDetailTemplateColumn": "",
      "DetailReportName": "",
      "DetailReportColumnNameOne": "",
      "DetailReportColumnNameTwo": "",
      "DetailReportColumnNameThree": "",
      "IsdetailReport": false,
      "SummaryDataButton": false,
      "Selectable": "", /* cell/row/none*/
      "Change": "",
      "DataBound": "",
      "ColumnHide": "",
      "ColumnShow": "",
      "ExcelExport": "",
      "DetailExpand": "",
      "Action": "",
      "Controller": "",
      "DataParameter": "",
      "ServerOperation": "",
      "GridAutoResize": "1",
      "PageSize": "10",
      "Identity": [],
      "ReportAutoCompleteSearch": {
      },
      "Columns": [
      ]
    },
    {
      /*Main grid drill first*/
      "Name": "",
      "ClientDetailTemplateId": "",
      "ClientDetailTemplateColumn": "",
      "DetailReportName": "",
      "DetailReportColumnNameOne": "",
      "DetailReportColumnNameTwo": "",
      "DetailReportColumnNameThree": "",
      "IsdetailReport": false,
      "SummaryDataButton": false,
      "Selectable": "none", /* cell/row/none*/
      "Change": "empty",
      "DataBound": "onDataBound",
      "ColumnHide": "onDataBound",
      "ColumnShow": "onDataBound",
      "ExcelExport": "validateExportExcel",
      "DetailExpand": "empty",
      "Action": "DrillGridOneData",
      "Controller": "OCMReport",
      "DataParameter": "",
      "ServerOperation": "",
      "GridAutoResize": "1",
      "PageSize": "10",
      "Identity": [
      ],
      "ReportAutoCompleteSearch": {},
      "Columns": [
      ]
    },
    {
      /*Main grid drill second*/
      "Name": "",
      "ClientDetailTemplateId": "",
      "ClientDetailTemplateColumn": "",
      "DetailReportName": "",
      "DetailReportColumnNameOne": "",
      "DetailReportColumnNameTwo": "",
      "DetailReportColumnNameThree": "",
      "IsdetailReport": false,
      "SummaryDataButton": false,
      "Selectable": "", /* cell/row/none*/
      "Change": "",
      "DataBound": "",
      "ColumnHide": "",
      "ColumnShow": "",
      "ExcelExport": "",
      "DetailExpand": "",
      "Action": "",
      "Controller": "",
      "DataParameter": "",
      "ServerOperation": "",
      "GridAutoResize": "1",
      "PageSize": "10",
      "Identity": [],
      "ReportAutoCompleteSearch": {},
      "Columns": []
    },
    {
      /*Main grid drill third*/
      "Name": "",
      "ClientDetailTemplateId": "",
      "ClientDetailTemplateColumn": "",
      "DetailReportName": "",
      "DetailReportColumnNameOne": "",
      "DetailReportColumnNameTwo": "",
      "DetailReportColumnNameThree": "",
      "IsdetailReport": false,
      "SummaryDataButton": false,
      "Selectable": "", /* cell/row/none*/
      "Change": "",
      "DataBound": "",
      "ColumnHide": "",
      "ColumnShow": "",
      "ExcelExport": "",
      "DetailExpand": "",
      "Action": "",
      "Controller": "",
      "DataParameter": "",
      "ServerOperation": "",
      "GridAutoResize": "1",
      "PageSize": "10",
      "Identity": [],
      "ReportAutoCompleteSearch": {},
      "Columns": []
    }
  ]
}