﻿{
  "JsonVersioningDetails": {
    "FileName": "IvrCallBackAnnouncement.json",
    "Location": "AdminModules",
    "Version": "3.2.8.30",
    "LastModifiedDateTime": "30-08-2019 08:30:00 AM",
    "LastModifiedBy": "Shreenitha",
    "Description": "changed mandatory config"
  },
  "Name": "IvrCallBackAnnouncement",
  "DisplayName": "CallBack Announcement",
  "FormGroup": 2,
  "MakerChecker": false, //keep always false, as maker-checker functionality is not included
  "ConfigKey": "", //LDAP or IDM
  "GridColumns": [
    {
      "Title": "Wav File",
      "PropertyName": "WaveFile",
      "Editable": true,
      "ColumnWidth": "col-lg-6",
      "ID": "",
      "FormGroup": 2,
      "Hidden": false,
      "Width": 100,
      "Encoded": false,
      "ClientTemplate": "#=callbackWavefileTag#",
      "Mandatory": true,
      "FieldType": "Upload",
      "IncludeGrid": false,
      "WaveFile": {
        "Id": "waveFile",
        "Name": "waveFileTag",
        "SelectEventName": "attachClickHandler",
        "UploadEventName": "onWavFileUpload",
        "SaveAction": "SaveToChecker", //if MPP upload is true change it to SaveToChecker otherwise Savecall
        "RemoveAction": "Remove",
        "SaveController": "FileUpload",
        "RemoveController": "FileUpload",
        "DisplayTag": "callbackWavefileTag",
        "Validation": [ ".wav" ]
      }
    },
    {
      "Title": "Start Time",
      "PropertyName": "StartTime",
      "Editable": true,
      "ColumnWidth": "col-lg-6",
      "ID": "",
      "FormGroup": 2,
      "Hidden": false,
      "Width": 100,
      "Encoded": false,
      "ClientTemplate": "",
      "DateFormat": "{0: HH:mm:ss}",
      "ConfigProperty": "",
      "Mandatory": true,
      "IncludeGrid": false,
      "FieldType": "Time",
      "Maxlength": "",
      "OnKeyUpEvent": "",
      "OnMouseOutEvent": "",
      "IsDuplicateAllowed": true
    },
    {
      "Title": "End Time",
      "PropertyName": "EndTime",
      "Editable": false,
      "ColumnWidth": "col-lg-6",
      "ID": "",
      "FormGroup": 2,
      "Hidden": false,
      "Width": 100,
      "Encoded": false,
      "ClientTemplate": "",
      "DateFormat": "{0: HH:mm:ss}",
      "ConfigProperty": "",
      "Mandatory": true,
      "IncludeGrid": false,
      "FieldType": "Time",
      "Maxlength": "",
      "OnKeyUpEvent": "",
      "OnMouseOutEvent": "",
      "IsDuplicateAllowed": true
    },
    {
      "Title": "Language",
      "PropertyName": "Language",
      "Editable": true,
      "ColumnWidth": "col-lg-6",
      "ID": "",
      "FormGroup": 2,
      "Hidden": false,
      "Width": 100,
      "Encoded": false,
      "ClientTemplate": "",
      "DateFormat": "",
      "ConfigProperty": "",
      "IncludeGrid": false,
      "Mandatory": true,
      "FieldType": "DropDown",
      "IsDuplicateAllowed": true,
      "DropDownList": {
        "Action": "GetLanguage",
        "Controller": "Generic",
        "Event": "empty",
        "DataParameter": "sendAntiForgeryToken",
        "ServerOperation": true,
        "Enable": true,
        "CascadeFrom": ""
      }
    },
    {
      "Title": "Last Changed By",
      "PropertyName": "LastChangedBy",
      "Editable": true,
      "ColumnWidth": "col-lg-5",
      "ID": "",
      "FormGroup": 2,
      "Hidden": false,
      "Width": 200,
      "Encoded": false,
      "ClientTemplate": "",
      "DateFormat": "",
      "ConfigProperty": "",
      "IncludeGrid": false,
      "Mandatory": false,
      "FieldType": "",
      "FieldRows": "",
      "Maxlength": "",
      "OnKeyUpEvent": "",
      "OnMouseOutEvent": "",
      "IsDuplicateAllowed": true
    },
    {
      "Title": "Last Changed On",
      "PropertyName": "LastChangedOn",
      "Editable": true,
      "ColumnWidth": "col-lg-3",
      "ID": "",
      "FormGroup": 2,
      "Hidden": false,
      "Width": 200,
      "Encoded": false,
      "ClientTemplate": "#= checkGridDateTime(LastChangedOn)#",
      "DateFormat": "{0: dd/MM/yyyy HH:mm:ss}",
      "ConfigProperty": "",
      "IncludeGrid": false,
      "Mandatory": false,
      "FieldType": "",
      "FieldRows": "",
      "Maxlength": "",
      "OnKeyUpEvent": "",
      "OnMouseOutEvent": "",
      "IsDuplicateAllowed": true
    }
  ]
}