﻿{
  "JsonVersioningDetails": {
    "FileName": "IvrIntroductoryMessageAnnouncement.json",
    "Location": "AdminModules",
    "Version": "3.2.9.18",
    "LastModifiedDateTime": "18-09-2019 08:30:00 AM",
    "LastModifiedBy": "Shruthi",
    "Description": "Added Org Unit column"
  },
  "Name": "IvrIntroductoryMessageAnnouncement",
  "DisplayName": "IVR Introductory Message Announcement",
  "FormGroup": 2,
  "MakerChecker": true,
  "ConfigKey": "",
  "GridColumns": [
    {
      "Title": "Functionality",
      "PropertyName": "Functionality",
      "Editable": true,
      "ColumnWidth": "col-lg-7",
      "ID": "",
      "FormGroup": 2,
      "Hidden": false,
      "Width": 150,
      "Encoded": false,
      "ClientTemplate": "",
      "DateFormat": "",
      "ConfigProperty": "",
      "Mandatory": true,
      "IncludeGrid": false,
      "FieldType": "DropDown",
      "Maxlength": "",
      "DropDownList": {
        "Action": "GetFunctionality",
        "Controller": "IvrIntroductoryMessageAnnouncement",
        "AutoBind": true,
        "Event": "empty",
        "DataParameter": "sendAntiForgeryToken",
        "ServerOperation": true,
        "Enable": true,
        "CascadeFrom": ""
      },
      "IsDuplicateAllowed": true
    },
    {
      "Title": "Hotline",
      "PropertyName": "Hotline",
      "Editable": true,
      "ColumnWidth": "col-lg-7",
      "ID": "",
      "FormGroup": 2,
      "Hidden": false,
      "Width": 150,
      "Encoded": false,
      "ClientTemplate": "",
      "DateFormat": "",
      "ConfigProperty": "",
      "Mandatory": true,
      "IncludeGrid": false,
      "FieldType": "Text",
      "Maxlength": "20",
      "IsDuplicateAllowed": true
    },
    {
      "Title": "Start Date Time",
      "PropertyName": "StartDateTime",
      "Editable": true,
      "Width": 200,
      "ColumnWidth": "col-lg-7",
      "FormGroup": 2,
      "FieldType": "DateTime",
      "Hidden": false,
      "DateTime": {
        "MainId": "introstartdatepicker",
        "SubId": "StartDateTime"
      },
      "DateFormat": "{0: dd/MM/yyyy HH:mm:ss}",
      "Mandatory": true,
      "IsDuplicateAllowed": true
    },
    {
      "Title": "End Date Time",
      "PropertyName": "EndDateTime",
      "Editable": true,
      "Width": 200,
      "ColumnWidth": "col-lg-7",
      "FormGroup": 2,
      "FieldType": "DateTime",
      "ClientTemplate": "#=kendo.toString(EndDateTime,'yyyy-MM-dd')#",
      "Hidden": false,
      "DateTime": {
        "MainId": "introenddatepicker",
        "SubId": "EndDateTime"
      },
      "DateFormat": "{0: dd/MM/yyyy HH:mm:ss}",
      "Mandatory": true,
      "IsDuplicateAllowed": true
    },
    {
      "Title": "Language",
      "PropertyName": "Language",
      "Editable": true,
      "ColumnWidth": "col-lg-7",
      "ID": "",
      "FormGroup": 2,
      "Hidden": false,
      "Width": 150,
      "Encoded": false,
      "ClientTemplate": "",
      "DateFormat": "",
      "ConfigProperty": "",
      "Mandatory": true,
      "IncludeGrid": false,
      "FieldType": "DropDown",
      "Maxlength": "",
      "DropDownList": {
        "Action": "GetLanguage",
        "Controller": "Generic",
        "AutoBind": true,
        "Event": "empty",
        "DataParameter": "sendAntiForgeryToken",
        "ServerOperation": true,
        "Enable": true,
        "CascadeFrom": ""
      },
      "IsDuplicateAllowed": true
    },
    {
      "Title": "Status",
      "PropertyName": "Status",
      "Editable": true,
      "ColumnWidth": "col-lg-7",
      "ID": "",
      "FormGroup": 2,
      "Hidden": false,
      "Width": 150,
      "Encoded": false,
      "ClientTemplate": "",
      "DateFormat": "",
      "ConfigProperty": "",
      "IncludeGrid": true,
      "Mandatory": false,
      "FieldType": "DropDown",
      "Maxlength": "",
      "DropDownList": {
        "Action": "GetEnableDisable",
        "Controller": "Generic",
        "AutoBind": true,
        "Event": "empty",
        "DataParameter": "sendAntiForgeryToken",
        "ServerOperation": true,
        "Enable": true,
        "CascadeFrom": ""
      },
      "IsDuplicateAllowed": true
    },
    {
      "Title": "Interrupt",
      "PropertyName": "Interrupt",
      "Editable": true,
      "ColumnWidth": "col-lg-7",
      "ID": "",
      "FormGroup": 2,
      "Hidden": false,
      "Width": 150,
      "Encoded": false,
      "ClientTemplate": "",
      "DateFormat": "",
      "ConfigProperty": "",
      "IncludeGrid": true,
      "Mandatory": false,
      "FieldType": "DropDown",
      "Maxlength": "",
      "DropDownList": {
        "Action": "GetEnableDisable",
        "Controller": "Generic",
        "AutoBind": true,
        "Event": "empty",
        "DataParameter": "sendAntiForgeryToken",
        "ServerOperation": true,
        "Enable": true,
        "CascadeFrom": ""
      },
      "IsDuplicateAllowed": true
    },
    {
      "Title": "Wave File",
      "PropertyName": "WaveFile",
      "Editable": true,
      "Width": 150,
      "ID": "",
      "Encoded": false,
      "ClientTemplate": "#=WaveFileTag#",
      "FieldType": "Upload",
      "ColumnWidth": "col-lg-7",
      "FormGroup": 2,
      "Hidden": false,
      "IncludeGrid": false,
      "Mandatory": true,
      "WaveFile": {
        "Id": "waveFile",
        "Name": "waveFileTag",
        "SelectEventName": "attachClickHandler",
        "UploadEventName": "onWavFileUpload",
        "SaveAction": "Save", //if makerchecker is false change it to SaveToChecker
        "RemoveAction": "Remove",
        "SaveController": "FileUpload",
        "RemoveController": "FileUpload",
        "DisplayTag": "IntroWavefileTag",
        "Validation": [ ".wav" ]
      }
    },
    {
      "Title": "Last Changed By",
      "PropertyName": "LastChangedBy",
      "Editable": true,
      "ColumnWidth": "col-lg-3",
      "ID": "",
      "FormGroup": 2,
      "Hidden": false,
      "Width": 160,
      "Encoded": false,
      "ClientTemplate": "",
      "DateFormat": "",
      "ConfigProperty": "",
      "IncludeGrid": false,
      "Mandatory": false,
      "FieldType": "",
      "Maxlength": "",
      "IsDuplicateAllowed": true
    },
    {
      "Title": "Last Changed On",
      "PropertyName": "LastChangedOn",
      "Editable": true,
      "ColumnWidth": "col-lg-3",
      "ID": "",
      "FormGroup": 2,
      "Hidden": false,
      "Width": 170,
      "Encoded": false,
      "ClientTemplate": "#= checkGridDateTime(LastChangedOn)#",
      "DateFormat": "{0: dd/MM/yyyy HH:mm:ss}",
      "ConfigProperty": "",
      "IncludeGrid": false,
      "Mandatory": false,
      "FieldType": "",
      "Maxlength": "",
      "IsDuplicateAllowed": true
    }
  ]
}