﻿{
  "JsonVersioningDetails": {
    "FileName": "SmsAlert.json",
    "Location": "AdminModules",
    "Version": "8.31",
    "LastModifiedDateTime": "31-08-2018 08:30:00 AM",
    "LastModifiedBy": "Shreenitha",
    "Description": "Versioning Added and changed field type of Number field"
  },
  "Name": "SmsAlert",
  "DisplayName": "Sms Alert",
  "FormGroup": 2,
  "MakerChecker": true,
  "ConfigKey": "", //LDAP or IDM
  "GridColumns": [
    {
      "Title": "Number",
      "PropertyName": "Number",
      "Editable": true,
      "ColumnWidth": "col-lg-6",
      "ID": "",
      "FormGroup": 2,
      "Hidden": false,
      "Width": 100,
      "Encoded": false,
      "ClientTemplate": "",
      "DateFormat": "",
      "ConfigProperty": "",
      "Mandatory": true,
      "IncludeGrid": false,
      "FieldType": "Numeric",
      "FieldRows": "",
      "Maxlength": "10",
      "OnKeyUpEvent": "",
      "OnMouseOutEvent": "",
      "IsDuplicateAllowed": true
    },
    {
      "Title": "Template Id",
      "PropertyName": "TemplateId",
      "Editable": true,
      "ColumnWidth": "col-lg-6",
      "ID": "",
      "FormGroup": 2,
      "Hidden": false,
      "Width": 100,
      "Encoded": false,
      "ClientTemplate": "",
      "DateFormat": "",
      "ConfigProperty": "",
      "Mandatory": true,
      "IncludeGrid": false,
      "FieldType": "DropDown",
      "Maxlength": "",
      "OnKeyUpEvent": "",
      "OnMouseOutEvent": "",
      "IsDuplicateAllowed": true
    },
    {
      "Title": "Template Name",
      "PropertyName": "TemplateName",
      "Editable": false,
      "ColumnWidth": "col-lg-6",
      "ID": "",
      "FormGroup": 2,
      "Hidden": false,
      "Width": 100,
      "Encoded": false,
      "ClientTemplate": "",
      "DateFormat": "",
      "ConfigProperty": "",
      "Mandatory": false,
      "IncludeGrid": false,
      "FieldType": "",
      "Maxlength": "",
      "OnKeyUpEvent": "",
      "OnMouseOutEvent": "",
      "IsDuplicateAllowed": true
    },
    {
      "Title": "Other Data",
      "PropertyName": "OtherData",
      "Editable": true,
      "ColumnWidth": "col-lg-6",
      "ID": "",
      "FormGroup": 2,
      "Hidden": false,
      "Width": 100,
      "Encoded": false,
      "ClientTemplate": "",
      "DateFormat": "",
      "ConfigProperty": "",
      "Mandatory": true,
      "IncludeGrid": true,
      "FieldType": "Text",
      "FieldRows": "",
      "Maxlength": "",
      "OnKeyUpEvent": "",
      "OnMouseOutEvent": "",
      "IsDuplicateAllowed": true
    },
    {
      "Title": "Comments",
      "PropertyName": "Comments",
      "Editable": true,
      "ColumnWidth": "col-lg-6",
      "ID": "",
      "FormGroup": 2,
      "Hidden": false,
      "Width": 100,
      "Encoded": false,
      "ClientTemplate": "",
      "DateFormat": "",
      "ConfigProperty": "",
      "Mandatory": true,
      "IncludeGrid": false,
      "FieldType": "Text",
      "FieldRows": "",
      "Maxlength": "",
      "OnKeyUpEvent": "",
      "OnMouseOutEvent": "",
      "IsDuplicateAllowed": true
    },
    {
      "Title": "Status",
      "PropertyName": "Status",
      "Editable": false,
      "ColumnWidth": "col-lg-3",
      "ID": "",
      "FormGroup": 2,
      "Hidden": false,
      "Width": 200,
      "Encoded": false,
      "ClientTemplate": "",
      "DateFormat": "",
      "ConfigProperty": "",
      "IncludeGrid": false,
      "Mandatory": false,
      "FieldType": "",
      "FieldRows": "",
      "Maxlength": "",
      "OnKeyUpEvent": "",
      "OnMouseOutEvent": "",
      "IsDuplicateAllowed": true
    },
    {
      "Title": "Last Changed By",
      "PropertyName": "LastChangedBy",
      "Editable": true,
      "ColumnWidth": "col-lg-5",
      "ID": "",
      "FormGroup": 2,
      "Hidden": false,
      "Width": 200,
      "Encoded": false,
      "ClientTemplate": "",
      "DateFormat": "",
      "ConfigProperty": "",
      "IncludeGrid": false,
      "Mandatory": false,
      "FieldType": "",
      "FieldRows": "",
      "Maxlength": "",
      "OnKeyUpEvent": "",
      "OnMouseOutEvent": "",
      "IsDuplicateAllowed": true
    },
    {
      "Title": "Last Changed On",
      "PropertyName": "LastChangedOn",
      "Editable": true,
      "ColumnWidth": "col-lg-3",
      "ID": "",
      "FormGroup": 2,
      "Hidden": false,
      "Width": 200,
      "Encoded": false,
      "ClientTemplate": "#= checkGridDateTime(LastChangedOn)#",
      "DateFormat": "{0: dd/MM/yyyy HH:mm:ss}",
      "ConfigProperty": "",
      "IncludeGrid": false,
      "Mandatory": false,
      "FieldType": "",
      "FieldRows": "",
      "Maxlength": "",
      "OnKeyUpEvent": "",
      "OnMouseOutEvent": "",
      "IsDuplicateAllowed": true
    }
  ]
}