﻿{
  "JsonVersioningDetails": {
    "FileName": "TmacBlindTransfer.json",
    "Location": "AdminModules",
    "Version": "3.2.6.16",
    "LastModifiedDateTime": "31-05-2019 08:30:00 AM",
    "LastModifiedBy": "Prathik",
    "Description": "Added new json for Tmac Blind Transfer tab"
  },
  "Name": "TmacBlindTransfer",
  "DisplayName": "TMAC Blind Transfer",
  "FormGroup": 2,
  "MakerChecker": false, //this should be false always as there is no maker-checker for this module
  "ConfigKey": "",
  "GridColumns": [
    {
      "Title": "Channel",
      "PropertyName": "Channel",
      "Editable": true,
      "ColumnWidth": "col-lg-7",
      "ID": "",
      "FormGroup": 2,
      "Hidden": false,
      "Width": 100,
      "Encoded": false,
      "ClientTemplate": "",
      "DateFormat": "",
      "ConfigProperty": "",
      "IncludeGrid": false,
      "Mandatory": true,
      "FieldType": "DropDown",
      "DropDownList": {
        "Action": "GetJsonChannel",
        "Controller": "Generic",
        "Event": "empty",
        "DataParameter": "channelID",
        "ServerOperation": true,
        "Enable": true,
        "CascadeFrom": ""
      }
    },
    {
      "Title": "Skill Name", //Land ID or 1Bank User Name
      "PropertyName": "SkillName",
      "Editable": true,
      "ColumnWidth": "col-lg-7",
      "ID": "",
      "FormGroup": 2,
      "Hidden": false,
      "Width": 100,
      "Encoded": false,
      "ClientTemplate": "",
      "DateFormat": "",
      "ConfigProperty": "",
      "Mandatory": true,
      "IncludeGrid": false,
      "FieldType": "DropDown", //Text //DropDown
      "Maxlength": "50",
      "DropDownList": {
        "Action": "GetSkillList",
        "Controller": "TmacTransferList",
        "AutoBind": false,
        "Event": "OnBlindTransferSkillName",
        "DataParameter": "channelID",
        "ServerOperation": true,
        "Enable": true,
        "CascadeFrom": "Channel"
      }
    },
    {
      "Title": "Skill Id",
      "PropertyName": "SkillId",
      "Editable": true,
      "ColumnWidth": "col-lg-7",
      "ID": "",
      "FormGroup": 2,
      "Hidden": false,
      "Width": 100,
      "Encoded": false,
      "ClientTemplate": "",
      "DateFormat": "",
      "ConfigProperty": "",
      "Mandatory": true,
      "IncludeGrid": false,
      "FieldType": "Numeric", //Numeric //Text
      "Maxlength": "20"
    },
    {
      "Title": "VDN",
      "PropertyName": "Vdn",
      "Editable": true,
      "ColumnWidth": "col-lg-7",
      "ID": "",
      "FormGroup": 2,
      "Hidden": false,
      "Width": 100,
      "Encoded": false,
      "ClientTemplate": "",
      "DateFormat": "",
      "ConfigProperty": "",
      "Mandatory": true,
      "IncludeGrid": false,
      "FieldType": "Numeric",
      "Maxlength": "10"
    },
    {
      "Title": "Last Changed By",
      "PropertyName": "LastChangedBy",
      "Editable": true,
      "ColumnWidth": "col-lg-7",
      "ID": "",
      "FormGroup": 2,
      "Hidden": false,
      "Width": 200,
      "Encoded": false,
      "ClientTemplate": "",
      "DateFormat": "",
      "ConfigProperty": "",
      "IncludeGrid": false,
      "Mandatory": false,
      "FieldType": "",
      "Maxlength": ""
    },
    {
      "Title": "Last Changed On",
      "PropertyName": "LastChangedOn",
      "Editable": true,
      "ColumnWidth": "col-lg-7",
      "ID": "",
      "FormGroup": 2,
      "Hidden": false,
      "Width": 200,
      "Encoded": false,
      "ClientTemplate": "#= checkGridDateTime(LastChangedOn)#",
      "DateFormat": "{0: dd/MM/yyyy HH:mm:ss}",
      "ConfigProperty": "",
      "IncludeGrid": false,
      "Mandatory": false,
      "FieldType": "",
      "Maxlength": ""
    }
  ]
}