﻿{
  "JsonVersioningDetails": {
    "FileName": "VIPListManagement.json",
    "Location": "AdminModules",
    "Version": "3.2.8.30",
    "LastModifiedDateTime": "30-08-2019 08:30:00 AM",
    "LastModifiedBy": "Prathik",
    "Description": "changed FBHandle non mandatory"
  },
  "Name": "VIPListManagement",
  "DisplayName": "VIP List Management",
  "FormGroup": 2,
  "MakerChecker": false,
  "GridColumns": [
    {
      "Title": "Caller ID",
      "PropertyName": "CallerID",
      "Editable": true,
      "ColumnWidth": "col-lg-3",
      "ID": "",
      "FormGroup": 2,
      "Hidden": false,
      "Width": 100,
      "Encoded": false,
      "ClientTemplate": "",
      "DateFormat": "",
      "ConfigProperty": "",
      "IncludeGrid": false,
      "Mandatory": true,
      "FieldType": "Numeric",
      "Maxlength": "10"
    },
    {
      "Title": "Email ID",
      "PropertyName": "Email",
      "Editable": true,
      "ColumnWidth": "col-lg-3",
      "ID": "",
      "FormGroup": 2,
      "Hidden": false,
      "Width": 100,
      "Encoded": false,
      "ClientTemplate": "",
      "DateFormat": "",
      "ConfigProperty": "",
      "IncludeGrid": false,
      "Mandatory": true,
      "FieldType": "Email",
      "Maxlength": "50"
    },
    {
      "Title": "FB Handle",
      "PropertyName": "FBHandle",
      "Editable": true,
      "ColumnWidth": "col-lg-3",
      "ID": "",
      "FormGroup": 2,
      "Hidden": false,
      "Width": 100,
      "Encoded": false,
      "ClientTemplate": "",
      "DateFormat": "",
      "ConfigProperty": "",
      "IncludeGrid": false,
      "Mandatory": false,
      "FieldType": "Text",
      "Maxlength": "50"
    },
    {
      "Title": "Messenger ID",
      "PropertyName": "MessengerID",
      "Editable": true,
      "ColumnWidth": "col-lg-3",
      "ID": "",
      "FormGroup": 2,
      "Hidden": false,
      "Width": 100,
      "Encoded": false,
      "ClientTemplate": "",
      "DateFormat": "",
      "ConfigProperty": "",
      "IncludeGrid": false,
      "Mandatory": true,
      "FieldType": "Text",
      "Maxlength": "20"
    },
    {
      "Title": "CustomerID Type",
      "PropertyName": "CustomerIDType",
      "Editable": true,
      "ColumnWidth": "col-lg-3",
      "ID": "",
      "FormGroup": 2,
      "Hidden": false,
      "Width": 100,
      "Encoded": false,
      "ClientTemplate": "",
      "DateFormat": "",
      "ConfigProperty": "",
      "IncludeGrid": false,
      "Mandatory": true,
      //"FieldType":"Numeric"
      "FieldType": "DropDown",
      "DropDownList": {
        "Action": "GetCustIDType",
        "Controller": "Generic",
        "Event": "empty",
        "DataParameter": "sendAntiForgeryToken",
        "ServerOperation": true,
        "Enable": true,
        "CascadeFrom": ""
      },
      "Maxlength": "20"
    },
    {
      "Title": "CustomerID No",
      "PropertyName": "CustomerIDNo",
      "Editable": true,
      "ColumnWidth": "col-lg-3",
      "ID": "",
      "FormGroup": 2,
      "Hidden": false,
      "Width": 100,
      "Encoded": false,
      "ClientTemplate": "",
      "DateFormat": "",
      "ConfigProperty": "",
      "IncludeGrid": false,
      "Mandatory": true,
      "FieldType": "Text",
      "Maxlength": "50"
    },
    {
      "Title": "Country",
      "PropertyName": "Country",
      "Editable": true,
      "ColumnWidth": "col-lg-3",
      "ID": "",
      "FormGroup": 2,
      "Hidden": false,
      "Width": 100,
      "Encoded": false,
      "ClientTemplate": "",
      "DateFormat": "",
      "ConfigProperty": "",
      "IncludeGrid": false,
      "Mandatory": true,
      "FieldType": "Text",
      "Maxlength": "20"
    },
    {
      "Title": "Contact Type",
      "PropertyName": "ContactType",
      "Editable": true,
      "ColumnWidth": "col-lg-3",
      "ID": "",
      "FormGroup": 2,
      "Hidden": false,
      "Width": 100,
      "Encoded": false,
      "ClientTemplate": "",
      "DateFormat": "",
      "ConfigProperty": "",
      "IncludeGrid": false,
      "Mandatory": true,
      "FieldType": "DropDown",
      "DropDownList": {
        "Action": "GetContactType",
        "Controller": "Generic",
        "Event": "empty",
        "DataParameter": "sendAntiForgeryToken",
        "ServerOperation": true,
        "Enable": true,
        "CascadeFrom": ""
      },
      "Maxlength": "20"
    },
    {
      "Title": "Inclusion Flag",
      "PropertyName": "InclusionFlag",
      "Editable": true,
      "ColumnWidth": "col-lg-3",
      "ID": "",
      "FormGroup": 2,
      "Hidden": false,
      "Width": 100,
      "Encoded": false,
      "ClientTemplate": "",
      "DateFormat": "",
      "ConfigProperty": "",
      "IncludeGrid": false,
      "Mandatory": true,
      "FieldType": "DropDown",
      "DropDownList": {
        "Action": "GetYesNo",
        "Controller": "Generic",
        "Event": "empty",
        "DataParameter": "sendAntiForgeryToken",
        "ServerOperation": true,
        "Enable": true,
        "CascadeFrom": ""
      },
      "Maxlength": ""
    },
    {
      "Title": "Exclusion Flag",
      "PropertyName": "ExclusionFlag",
      "Editable": true,
      "ColumnWidth": "col-lg-3",
      "ID": "",
      "FormGroup": 2,
      "Hidden": false,
      "Width": 100,
      "Encoded": false,
      "ClientTemplate": "",
      "DateFormat": "",
      "ConfigProperty": "",
      "IncludeGrid": false,
      "Mandatory": true,
      "FieldType": "DropDown",
      "DropDownList": {
        "Action": "GetYesNo",
        "Controller": "Generic",
        "Event": "empty",
        "DataParameter": "sendAntiForgeryToken",
        "ServerOperation": true,
        "Enable": true,
        "CascadeFrom": ""
      },
      "Maxlength": ""
    },
    {
      "Title": "Other Data",
      "PropertyName": "OtherData",
      "Editable": true,
      "ColumnWidth": "col-lg-3",
      "ID": "",
      "FormGroup": 2,
      "Hidden": false,
      "Width": 100,
      "Encoded": false,
      "ClientTemplate": "",
      "DateFormat": "",
      "ConfigProperty": "",
      "IncludeGrid": true,
      "Mandatory": true,
      "FieldType": "Text",
      "Maxlength": ""
    },
    {
      "Title": "Last Changed By",
      "PropertyName": "LastChangedBy",
      "Editable": true,
      "ColumnWidth": "col-lg-3",
      "ID": "",
      "FormGroup": 2,
      "Hidden": false,
      "Width": 100,
      "Encoded": false,
      "ClientTemplate": "",
      "DateFormat": "",
      "ConfigProperty": "",
      "IncludeGrid": false,
      "Mandatory": false,
      "FieldType": "",
      "Maxlength": ""
    },
    {
      "Title": "Last Changed On",
      "PropertyName": "LastChangedOn",
      "Editable": true,
      "ColumnWidth": "col-lg-3",
      "ID": "",
      "FormGroup": 2,
      "Hidden": false,
      "Width": 100,
      "Encoded": false,
      "ClientTemplate": "#= checkGridDateTime(LastChangedOn)#",
      "DateFormat": "{0: dd/MM/yyyy HH:mm:ss}",
      "ConfigProperty": "",
      "IncludeGrid": false,
      "Mandatory": false,
      "FieldType": "",
      "Maxlength": ""
    }
  ]
}