﻿{
  "JsonVersioningDetails": {
    "FileName": "OCMAutoDialerNotCalledListReport.json",
    "Location": "Reports",
    "Version": "9.19",
    "LastModifiedDateTime": "19-09-2018 16:26:00 PM",
    "LastModifiedBy": "Shruthi",
    "Description": "Created json based on fsd"
  },
  "ReportName": "OCM Not Called List Report",
  "Grid": [
    {
      /*Main Grid*/
      "Name": "OCMAutoDialerNotCalledListReport",
      "ClientDetailTemplateId": "",
      "ClientDetailTemplateColumn": "",
      "DetailReportName": "",
      "DetailReportColumnNameOne": "",
      "DetailReportColumnNameTwo": "",
      "DetailReportColumnNameThree": "",
      "IsdetailReport": false,
      "SummaryDataButton": false,
      "Selectable": "none", /* cell/row/none*/
      "Change": "onChange",
      "DataBound": "onDataBound",
      "ColumnHide": "onDataBound",
      "ColumnShow": "onDataBound",
      "ExcelExport": "validateExportExcel",
      "DetailExpand": "onGridDetailExpand",
      "Action": "GetGridData",
      "Controller": "OCMReport",
      "DataParameter": "",
      "ServerOperation": "",
      "GridAutoResize": "0",
      "PageSize": "10",
      "Identity": [],
      "ReportAutoCompleteSearch": {
        "Title": "Campaign ID",
        "PropertyName": "CAMPID"
      },
      "Columns": [
        {
          "Title": "Contact ID",
          "PropertyName": "CONTACTID",
          "IncludeInReport": true,
          "IncludeInMenu": true,
          "Hidden": true,
          "ClientTemplate": "",
          "DataFormatType": ""
        },
        {
          "Title": "Contact List Name",
          "PropertyName": "CONTACTLISTNAME",
          "IncludeInReport": true,
          "IncludeInMenu": true,
          "Hidden": true,
          "ClientTemplate": "",
          "DataFormatType": ""
        },
        {
          "Title": "ID",
          "PropertyName": "ID",
          "IncludeInReport": true,
          "IncludeInMenu": true,
          "Hidden": true,
          "ClientTemplate": "",
          "DataFormatType": ""
        },
        {
          "Title": "Campaign ID",
          "PropertyName": "CAMPID",
          "IncludeInReport": true,
          "IncludeInMenu": true,
          "Hidden": false,
          "ClientTemplate": "",
          "DataFormatType": ""
        },
        {
          "Title": "Campaign Desc",
          "PropertyName": "CAMPDESC",
          "IncludeInReport": true,
          "IncludeInMenu": true,
          "Hidden": false,
          "ClientTemplate": "",
          "DataFormatType": ""
        },
        {
          "Title": "Campaign Date",
          "PropertyName": "CAMPDT",
          "IncludeInReport": true,
          "IncludeInMenu": true,
          "Hidden": false,
          "ClientTemplate": "",
          "DataFormatType": ""
        },
        {
          "Title": "Salutation",
          "PropertyName": "SALUTATION",
          "IncludeInReport": true,
          "IncludeInMenu": true,
          "Hidden": false,
          "ClientTemplate": "",
          "DataFormatType": ""
        },
        {
          "Title": "Customer Name",
          "PropertyName": "CUSTNAME",
          "IncludeInReport": true,
          "IncludeInMenu": true,
          "Hidden": false,
          "ClientTemplate": "",
          "DataFormatType": ""
        },
        {
          "Title": "NRIC No",
          "PropertyName": "IDNO",
          "IncludeInReport": true,
          "IncludeInMenu": true,
          "Hidden": false,
          "ClientTemplate": "",
          "DataFormatType": ""
        },
        {
          "Title": "NRIC Type",
          "PropertyName": "IDTYPE",
          "IncludeInReport": true,
          "IncludeInMenu": true,
          "Hidden": false,
          "ClientTemplate": "",
          "DataFormatType": ""
        },
        {
          "Title": "NRIC Country",
          "PropertyName": "IDCOUNTRY",
          "IncludeInReport": true,
          "IncludeInMenu": true,
          "Hidden": false,
          "ClientTemplate": "",
          "DataFormatType": ""
        },
        {
          "Title": "Gender",
          "PropertyName": "GENDER",
          "IncludeInReport": true,
          "IncludeInMenu": true,
          "Hidden": false,
          "ClientTemplate": "",
          "DataFormatType": ""
        },
        {
          "Title": "DOB",
          "PropertyName": "DOB",
          "IncludeInReport": true,
          "IncludeInMenu": true,
          "Hidden": false,
          "ClientTemplate": "",
          "DataFormatType": ""
        },
        {
          "Title": "Age",
          "PropertyName": "AGE",
          "IncludeInReport": true,
          "IncludeInMenu": true,
          "Hidden": false,
          "ClientTemplate": "",
          "DataFormatType": ""
        },
        {
          "Title": "Race",
          "PropertyName": "RACE",
          "IncludeInReport": true,
          "IncludeInMenu": true,
          "Hidden": true,
          "ClientTemplate": "",
          "DataFormatType": ""
        },
        {
          "Title": "Martial Status",
          "PropertyName": "MARITALSTAT",
          "IncludeInReport": true,
          "IncludeInMenu": true,
          "Hidden": false,
          "ClientTemplate": "",
          "DataFormatType": ""
        },
        {
          "Title": "BWCIF No",
          "PropertyName": "BWCIF",
          "IncludeInReport": true,
          "IncludeInMenu": true,
          "Hidden": false,
          "ClientTemplate": "",
          "DataFormatType": ""
        },
        {
          "Title": "CC Profile",
          "PropertyName": "CCPROFILE",
          "IncludeInReport": true,
          "IncludeInMenu": true,
          "Hidden": false,
          "ClientTemplate": "",
          "DataFormatType": ""
        },
        {
          "Title": "CP Profile",
          "PropertyName": "CPPROFILE",
          "IncludeInReport": true,
          "IncludeInMenu": true,
          "Hidden": false,
          "ClientTemplate": "",
          "DataFormatType": ""
        },
        {
          "Title": "Segment Indicator",
          "PropertyName": "SEGMENTIND",
          "IncludeInReport": true,
          "IncludeInMenu": true,
          "Hidden": false,
          "ClientTemplate": "",
          "DataFormatType": ""
        },
        {
          "Title": "Address1",
          "PropertyName": "ADDR1",
          "IncludeInReport": true,
          "IncludeInMenu": true,
          "Hidden": false,
          "ClientTemplate": "",
          "DataFormatType": ""
        },
        {
          "Title": "Address2",
          "PropertyName": "ADDR2",
          "IncludeInReport": true,
          "IncludeInMenu": true,
          "Hidden": false,
          "ClientTemplate": "",
          "DataFormatType": ""
        },
        {
          "Title": "Address3",
          "PropertyName": "ADDR3",
          "IncludeInReport": true,
          "IncludeInMenu": true,
          "Hidden": false,
          "ClientTemplate": "",
          "DataFormatType": ""
        },
        {
          "Title": "Address4",
          "PropertyName": "ADDR4",
          "IncludeInReport": true,
          "IncludeInMenu": true,
          "Hidden": false,
          "ClientTemplate": "",
          "DataFormatType": ""
        },
        {
          "Title": "Pin Code",
          "PropertyName": "PCODE",
          "IncludeInReport": true,
          "IncludeInMenu": true,
          "Hidden": true,
          "ClientTemplate": "",
          "DataFormatType": ""
        },
        {
          "Title": "Phone3",
          "PropertyName": "PHONE3",
          "IncludeInReport": true,
          "IncludeInMenu": true,
          "Hidden": false,
          "ClientTemplate": "",
          "DataFormatType": ""
        },
        {
          "Title": "First 4 Home Phone",
          "PropertyName": "FIRST4HOMPHONE",
          "IncludeInReport": true,
          "IncludeInMenu": true,
          "Hidden": false,
          "ClientTemplate": "",
          "DataFormatType": ""
        },
        {
          "Title": "Home Phone Stat",
          "PropertyName": "HOMPHONESTAT",
          "IncludeInReport": true,
          "IncludeInMenu": true,
          "Hidden": false,
          "ClientTemplate": "",
          "DataFormatType": ""
        },
        {
          "Title": "Phone1",
          "PropertyName": "PHONE1",
          "IncludeInReport": true,
          "IncludeInMenu": true,
          "Hidden": false,
          "ClientTemplate": "",
          "DataFormatType": ""
        },
        {
          "Title": "First 4 Mobile Phone",
          "PropertyName": "FIRST4MOBILEPHONE",
          "IncludeInReport": true,
          "IncludeInMenu": true,
          "Hidden": false,
          "ClientTemplate": "",
          "DataFormatType": ""
        },
        {
          "Title": "Mobile Phone Stat",
          "PropertyName": "MOBILEPHONESTAT",
          "IncludeInReport": true,
          "IncludeInMenu": true,
          "Hidden": false,
          "ClientTemplate": "",
          "DataFormatType": ""
        },
        {
          "Title": "Phone2",
          "PropertyName": "PHONE2",
          "IncludeInReport": true,
          "IncludeInMenu": true,
          "Hidden": false,
          "ClientTemplate": "",
          "DataFormatType": ""
        },
        {
          "Title": "First 4 Office Phone",
          "PropertyName": "FIRST4OFFPHONE",
          "IncludeInReport": true,
          "IncludeInMenu": true,
          "Hidden": false,
          "ClientTemplate": "",
          "DataFormatType": ""
        },
        {
          "Title": "Office Phone Stat",
          "PropertyName": "OFFPHONESTAT",
          "IncludeInReport": true,
          "IncludeInMenu": true,
          "Hidden": false,
          "ClientTemplate": "",
          "DataFormatType": ""
        },
        {
          "Title": "Employee Name",
          "PropertyName": "EMPNAME",
          "IncludeInReport": true,
          "IncludeInMenu": true,
          "Hidden": false,
          "ClientTemplate": "",
          "DataFormatType": ""
        },
        {
          "Title": "Latest Annual Income",
          "PropertyName": "LATESTANUINC",
          "IncludeInReport": true,
          "IncludeInMenu": true,
          "Hidden": false,
          "ClientTemplate": "",
          "DataFormatType": ""
        },
        {
          "Title": "Comment1",
          "PropertyName": "COMMENT1",
          "IncludeInReport": true,
          "IncludeInMenu": true,
          "Hidden": false,
          "ClientTemplate": "",
          "DataFormatType": ""
        },
        {
          "Title": "Comment2",
          "PropertyName": "COMMENT2",
          "IncludeInReport": true,
          "IncludeInMenu": true,
          "Hidden": false,
          "ClientTemplate": "",
          "DataFormatType": ""
        },
        {
          "Title": "Comment3",
          "PropertyName": "COMMENT3",
          "IncludeInReport": true,
          "IncludeInMenu": true,
          "Hidden": false,
          "ClientTemplate": "",
          "DataFormatType": ""
        },
        {
          "Title": "Comment4",
          "PropertyName": "COMMENT4",
          "IncludeInReport": true,
          "IncludeInMenu": true,
          "Hidden": false,
          "ClientTemplate": "",
          "DataFormatType": ""
        },
        {
          "Title": "Comment5",
          "PropertyName": "COMMENT5",
          "IncludeInReport": true,
          "IncludeInMenu": true,
          "Hidden": false,
          "ClientTemplate": "",
          "DataFormatType": ""
        },
        {
          "Title": "Fax",
          "PropertyName": "FAX",
          "IncludeInReport": true,
          "IncludeInMenu": true,
          "Hidden": false,
          "ClientTemplate": "",
          "DataFormatType": ""
        },
        {
          "Title": "ExpiryDate",
          "PropertyName": "EXPIRYDATE",
          "IncludeInReport": true,
          "IncludeInMenu": true,
          "Hidden": true,
          "ClientTemplate": "",
          "DataFormatType": ""
        },
        {
          "Title": "INBCALLSTAT",
          "PropertyName": "INBCALLSTAT",
          "IncludeInReport": true,
          "IncludeInMenu": true,
          "Hidden": true,
          "ClientTemplate": "",
          "DataFormatType": ""
        },
        {
          "Title": "ADDRLINE4PREDEFINED",
          "PropertyName": "ADDRLINE4PREDEFINED",
          "IncludeInReport": true,
          "IncludeInMenu": true,
          "Hidden": true,
          "ClientTemplate": "",
          "DataFormatType": ""
        },
        {
          "Title": "ADDRLINE5PREDEFINED",
          "PropertyName": "ADDRLINE5PREDEFINED",
          "IncludeInReport": true,
          "IncludeInMenu": true,
          "Hidden": true,
          "ClientTemplate": "",
          "DataFormatType": ""
        },
        {
          "Title": "Promo Code",
          "PropertyName": "PROMOCODE",
          "IncludeInReport": true,
          "IncludeInMenu": true,
          "Hidden": false,
          "ClientTemplate": "",
          "DataFormatType": ""
        },
        {
          "Title": "Source Code",
          "PropertyName": "SOURCECODE",
          "IncludeInReport": true,
          "IncludeInMenu": true,
          "Hidden": false,
          "ClientTemplate": "",
          "DataFormatType": ""
        },
        {
          "Title": "Customer Name1",
          "PropertyName": "CUSTNAME1",
          "IncludeInReport": true,
          "IncludeInMenu": true,
          "Hidden": true,
          "ClientTemplate": "",
          "DataFormatType": ""
        },
        {
          "Title": "Customer Name2",
          "PropertyName": "CUSTNAME2",
          "IncludeInReport": true,
          "IncludeInMenu": true,
          "Hidden": true,
          "ClientTemplate": "",
          "DataFormatType": ""
        },
        {
          "Title": "UOI Campaign Code",
          "PropertyName": "UOICAMP",
          "IncludeInReport": true,
          "IncludeInMenu": true,
          "Hidden": false,
          "ClientTemplate": "",
          "DataFormatType": ""
        },
        {
          "Title": "CC1 AccNo",
          "PropertyName": "CC1ACCNO",
          "IncludeInReport": true,
          "IncludeInMenu": true,
          "Hidden": false,
          "ClientTemplate": "",
          "DataFormatType": ""
        },
        {
          "Title": "CC1 Acc Desp",
          "PropertyName": "CC1ACCDESP",
          "IncludeInReport": true,
          "IncludeInMenu": true,
          "Hidden": false,
          "ClientTemplate": "",
          "DataFormatType": ""
        },
        {
          "Title": "CC1 Expiry Date",
          "PropertyName": "CC1EXPIRYDATE",
          "IncludeInReport": true,
          "IncludeInMenu": true,
          "Hidden": false,
          "ClientTemplate": "",
          "DataFormatType": ""
        },
        {
          "Title": "CC1 Acc Open Date",
          "PropertyName": "CC1ACCOPENDTE",
          "IncludeInReport": true,
          "IncludeInMenu": true,
          "Hidden": true,
          "ClientTemplate": "",
          "DataFormatType": ""
        },
        {
          "Title": "CC1 Block Code",
          "PropertyName": "CC1BLOCKCODE",
          "IncludeInReport": true,
          "IncludeInMenu": true,
          "Hidden": true,
          "ClientTemplate": "",
          "DataFormatType": ""
        },
        {
          "Title": "CC1 ACCRUEDINT",
          "PropertyName": "CC1ACCRUEDINT",
          "IncludeInReport": true,
          "IncludeInMenu": true,
          "Hidden": true,
          "ClientTemplate": "",
          "DataFormatType": ""
        },
        {
          "Title": "CC1 OUTSTABAL",
          "PropertyName": "CC1OUTSTABAL",
          "IncludeInReport": true,
          "IncludeInMenu": true,
          "Hidden": true,
          "ClientTemplate": "",
          "DataFormatType": ""
        },
        {
          "Title": "CC2 AccNo",
          "PropertyName": "CC2ACCNO",
          "IncludeInReport": true,
          "IncludeInMenu": true,
          "Hidden": false,
          "ClientTemplate": "",
          "DataFormatType": ""
        },
        {
          "Title": "CC2 Acc Desp",
          "PropertyName": "CC2ACCDESP",
          "IncludeInReport": true,
          "IncludeInMenu": true,
          "Hidden": false,
          "ClientTemplate": "",
          "DataFormatType": ""
        },
        {
          "Title": "CC2 Expiry Date",
          "PropertyName": "CC2EXPIRYDATE",
          "IncludeInReport": true,
          "IncludeInMenu": true,
          "Hidden": false,
          "ClientTemplate": "",
          "DataFormatType": ""
        },
        {
          "Title": "CC2 Acc Open Date",
          "PropertyName": "CC2ACCOPENDTE",
          "IncludeInReport": true,
          "IncludeInMenu": true,
          "Hidden": true,
          "ClientTemplate": "",
          "DataFormatType": ""
        },
        {
          "Title": "CC2 Block Code",
          "PropertyName": "CC2BLOCKCODE",
          "IncludeInReport": true,
          "IncludeInMenu": true,
          "Hidden": true,
          "ClientTemplate": "",
          "DataFormatType": ""
        },
        {
          "Title": "CC2 ACCRUEDINT",
          "PropertyName": "CC2ACCRUEDINT",
          "IncludeInReport": true,
          "IncludeInMenu": true,
          "Hidden": true,
          "ClientTemplate": "",
          "DataFormatType": ""
        },
        {
          "Title": "CC2 OUTSTABAL",
          "PropertyName": "CC2OUTSTABAL",
          "IncludeInReport": true,
          "IncludeInMenu": true,
          "Hidden": true,
          "ClientTemplate": "",
          "DataFormatType": ""
        },
        {
          "Title": "CC3 AccNo",
          "PropertyName": "CC3ACCNO",
          "IncludeInReport": true,
          "IncludeInMenu": true,
          "Hidden": false,
          "ClientTemplate": "",
          "DataFormatType": ""
        },
        {
          "Title": "CC3 Acc Desp",
          "PropertyName": "CC3ACCDESP",
          "IncludeInReport": true,
          "IncludeInMenu": true,
          "Hidden": false,
          "ClientTemplate": "",
          "DataFormatType": ""
        },
        {
          "Title": "CC3 Expiry Date",
          "PropertyName": "CC3EXPIRYDATE",
          "IncludeInReport": true,
          "IncludeInMenu": true,
          "Hidden": false,
          "ClientTemplate": "",
          "DataFormatType": ""
        },
        {
          "Title": "CC3 Acc Open Date",
          "PropertyName": "CC3ACCOPENDTE",
          "IncludeInReport": true,
          "IncludeInMenu": true,
          "Hidden": true,
          "ClientTemplate": "",
          "DataFormatType": ""
        },
        {
          "Title": "CC3 Block Code",
          "PropertyName": "CC3BLOCKCODE",
          "IncludeInReport": true,
          "IncludeInMenu": true,
          "Hidden": true,
          "ClientTemplate": "",
          "DataFormatType": ""
        },
        {
          "Title": "CC3 ACCRUEDINT",
          "PropertyName": "CC3ACCRUEDINT",
          "IncludeInReport": true,
          "IncludeInMenu": true,
          "Hidden": true,
          "ClientTemplate": "",
          "DataFormatType": ""
        },
        {
          "Title": "CC3 OUTSTABAL",
          "PropertyName": "CC3OUTSTABAL",
          "IncludeInReport": true,
          "IncludeInMenu": true,
          "Hidden": true,
          "ClientTemplate": "",
          "DataFormatType": ""
        },
        {
          "Title": "CC4 AccNo",
          "PropertyName": "CC4ACCNO",
          "IncludeInReport": true,
          "IncludeInMenu": true,
          "Hidden": false,
          "ClientTemplate": "",
          "DataFormatType": ""
        },
        {
          "Title": "CC4 Acc Desp",
          "PropertyName": "CC4ACCDESP",
          "IncludeInReport": true,
          "IncludeInMenu": true,
          "Hidden": false,
          "ClientTemplate": "",
          "DataFormatType": ""
        },
        {
          "Title": "CC4 Expiry Date",
          "PropertyName": "CC4EXPIRYDATE",
          "IncludeInReport": true,
          "IncludeInMenu": true,
          "Hidden": false,
          "ClientTemplate": "",
          "DataFormatType": ""
        },
        {
          "Title": "CC4 Acc Open Date",
          "PropertyName": "CC4ACCOPENDTE",
          "IncludeInReport": true,
          "IncludeInMenu": true,
          "Hidden": true,
          "ClientTemplate": "",
          "DataFormatType": ""
        },
        {
          "Title": "CC4 Block Code",
          "PropertyName": "CC4BLOCKCODE",
          "IncludeInReport": true,
          "IncludeInMenu": true,
          "Hidden": true,
          "ClientTemplate": "",
          "DataFormatType": ""
        },
        {
          "Title": "CC4 ACCRUEDINT",
          "PropertyName": "CC4ACCRUEDINT",
          "IncludeInReport": true,
          "IncludeInMenu": true,
          "Hidden": true,
          "ClientTemplate": "",
          "DataFormatType": ""
        },
        {
          "Title": "CC4 OUTSTABAL",
          "PropertyName": "CC4OUTSTABAL",
          "IncludeInReport": true,
          "IncludeInMenu": true,
          "Hidden": true,
          "ClientTemplate": "",
          "DataFormatType": ""
        },
        {
          "Title": "CC5 AccNo",
          "PropertyName": "CC5ACCNO",
          "IncludeInReport": true,
          "IncludeInMenu": true,
          "Hidden": false,
          "ClientTemplate": "",
          "DataFormatType": ""
        },
        {
          "Title": "CC5 Acc Desp",
          "PropertyName": "CC5ACCDESP",
          "IncludeInReport": true,
          "IncludeInMenu": true,
          "Hidden": false,
          "ClientTemplate": "",
          "DataFormatType": ""
        },
        {
          "Title": "CC5 Expiry Date",
          "PropertyName": "CC5EXPIRYDATE",
          "IncludeInReport": true,
          "IncludeInMenu": true,
          "Hidden": false,
          "ClientTemplate": "",
          "DataFormatType": ""
        },
        {
          "Title": "CC5 Acc Open Date",
          "PropertyName": "CC5ACCOPENDTE",
          "IncludeInReport": true,
          "IncludeInMenu": true,
          "Hidden": true,
          "ClientTemplate": "",
          "DataFormatType": ""
        },
        {
          "Title": "CC5 Block Code",
          "PropertyName": "CC5BLOCKCODE",
          "IncludeInReport": true,
          "IncludeInMenu": true,
          "Hidden": true,
          "ClientTemplate": "",
          "DataFormatType": ""
        },
        {
          "Title": "CC5 ACCRUEDINT",
          "PropertyName": "CC5ACCRUEDINT",
          "IncludeInReport": true,
          "IncludeInMenu": true,
          "Hidden": true,
          "ClientTemplate": "",
          "DataFormatType": ""
        },
        {
          "Title": "CC5 OUTSTABAL",
          "PropertyName": "CC5OUTSTABAL",
          "IncludeInReport": true,
          "IncludeInMenu": true,
          "Hidden": true,
          "ClientTemplate": "",
          "DataFormatType": ""
        },
        {
          "Title": "CP1 AccNo",
          "PropertyName": "CP1ACCNO",
          "IncludeInReport": true,
          "IncludeInMenu": true,
          "Hidden": true,
          "ClientTemplate": "",
          "DataFormatType": ""
        },
        {
          "Title": "CP1 Acc Desp",
          "PropertyName": "CP1ACCDESP",
          "IncludeInReport": true,
          "IncludeInMenu": true,
          "Hidden": true,
          "ClientTemplate": "",
          "DataFormatType": ""
        },
        {
          "Title": "CP1 Acc Open Date",
          "PropertyName": "CP1ACCOPENDTE",
          "IncludeInReport": true,
          "IncludeInMenu": true,
          "Hidden": true,
          "ClientTemplate": "",
          "DataFormatType": ""
        },
        {
          "Title": "CP1 Block Code",
          "PropertyName": "CP1BLOCKCODE",
          "IncludeInReport": true,
          "IncludeInMenu": true,
          "Hidden": true,
          "ClientTemplate": "",
          "DataFormatType": ""
        },
        {
          "Title": "CP1 ACCRUEDINT",
          "PropertyName": "CP1ACCRUEDINT",
          "IncludeInReport": true,
          "IncludeInMenu": true,
          "Hidden": true,
          "ClientTemplate": "",
          "DataFormatType": ""
        },
        {
          "Title": "CP1 OUTSTABAL",
          "PropertyName": "CP1OUTSTABAL",
          "IncludeInReport": true,
          "IncludeInMenu": true,
          "Hidden": true,
          "ClientTemplate": "",
          "DataFormatType": ""
        },
        {
          "Title": "CP2 AccNo",
          "PropertyName": "CP2ACCNO",
          "IncludeInReport": true,
          "IncludeInMenu": true,
          "Hidden": true,
          "ClientTemplate": "",
          "DataFormatType": ""
        },
        {
          "Title": "CP2 Acc Desp",
          "PropertyName": "CP2ACCDESP",
          "IncludeInReport": true,
          "IncludeInMenu": true,
          "Hidden": true,
          "ClientTemplate": "",
          "DataFormatType": ""
        },
        {
          "Title": "CP2 Acc Open Date",
          "PropertyName": "CP2ACCOPENDTE",
          "IncludeInReport": true,
          "IncludeInMenu": true,
          "Hidden": true,
          "ClientTemplate": "",
          "DataFormatType": ""
        },
        {
          "Title": "CP2 Block Code",
          "PropertyName": "CP2BLOCKCODE",
          "IncludeInReport": true,
          "IncludeInMenu": true,
          "Hidden": true,
          "ClientTemplate": "",
          "DataFormatType": ""
        },
        {
          "Title": "CP2 ACCRUEDINT",
          "PropertyName": "CP2ACCRUEDINT",
          "IncludeInReport": true,
          "IncludeInMenu": true,
          "Hidden": true,
          "ClientTemplate": "",
          "DataFormatType": ""
        },
        {
          "Title": "CP2 OUTSTABAL",
          "PropertyName": "CP2OUTSTABAL",
          "IncludeInReport": true,
          "IncludeInMenu": true,
          "Hidden": false,
          "ClientTemplate": "",
          "DataFormatType": ""
        },
        {
          "Title": "CP3 AccNo",
          "PropertyName": "CP3ACCNO",
          "IncludeInReport": true,
          "IncludeInMenu": true,
          "Hidden": true,
          "ClientTemplate": "",
          "DataFormatType": ""
        },
        {
          "Title": "CP3 Acc Desp",
          "PropertyName": "CP3ACCDESP",
          "IncludeInReport": true,
          "IncludeInMenu": true,
          "Hidden": true,
          "ClientTemplate": "",
          "DataFormatType": ""
        },
        {
          "Title": "CP3 Acc Open Date",
          "PropertyName": "CP3ACCOPENDTE",
          "IncludeInReport": true,
          "IncludeInMenu": true,
          "Hidden": true,
          "ClientTemplate": "",
          "DataFormatType": ""
        },
        {
          "Title": "CP3 Block Code",
          "PropertyName": "CP3BLOCKCODE",
          "IncludeInReport": true,
          "IncludeInMenu": true,
          "Hidden": true,
          "ClientTemplate": "",
          "DataFormatType": ""
        },
        {
          "Title": "CP3 ACCRUEDINT",
          "PropertyName": "CP3ACCRUEDINT",
          "IncludeInReport": true,
          "IncludeInMenu": true,
          "Hidden": true,
          "ClientTemplate": "",
          "DataFormatType": ""
        },
        {
          "Title": "CP3 OUTSTABAL",
          "PropertyName": "CP3OUTSTABAL",
          "IncludeInReport": true,
          "IncludeInMenu": true,
          "Hidden": true,
          "ClientTemplate": "",
          "DataFormatType": ""
        },
        {
          "Title": "CC1 Current Rate",
          "PropertyName": "CC1CURRRATE",
          "IncludeInReport": true,
          "IncludeInMenu": true,
          "Hidden": true,
          "ClientTemplate": "",
          "DataFormatType": ""
        },
        {
          "Title": "CC1 Promo Rate",
          "PropertyName": "CC1PROMORATE",
          "IncludeInReport": true,
          "IncludeInMenu": true,
          "Hidden": true,
          "ClientTemplate": "",
          "DataFormatType": ""
        },
        {
          "Title": "CC1 Promo Open Date",
          "PropertyName": "CC1PROMOOPNDTE",
          "IncludeInReport": true,
          "IncludeInMenu": true,
          "Hidden": true,
          "ClientTemplate": "",
          "DataFormatType": ""
        },
        {
          "Title": "CC1 Promo End Date",
          "PropertyName": "CC1PROMOENDTE",
          "IncludeInReport": true,
          "IncludeInMenu": true,
          "Hidden": true,
          "ClientTemplate": "",
          "DataFormatType": ""
        },
        {
          "Title": "CC2 Current Rate",
          "PropertyName": "CC2CURRRATE",
          "IncludeInReport": true,
          "IncludeInMenu": true,
          "Hidden": true,
          "ClientTemplate": "",
          "DataFormatType": ""
        },
        {
          "Title": "CC2 Promo Rate",
          "PropertyName": "CC2PROMORATE",
          "IncludeInReport": true,
          "IncludeInMenu": true,
          "Hidden": true,
          "ClientTemplate": "",
          "DataFormatType": ""
        },
        {
          "Title": "CC2 Promo Open Date",
          "PropertyName": "CC2PROMOOPNDTE",
          "IncludeInReport": true,
          "IncludeInMenu": true,
          "Hidden": true,
          "ClientTemplate": "",
          "DataFormatType": ""
        },
        {
          "Title": "CC2 Promo End Date",
          "PropertyName": "CC2PROMOENDTE",
          "IncludeInReport": true,
          "IncludeInMenu": true,
          "Hidden": true,
          "ClientTemplate": "",
          "DataFormatType": ""
        },
        {
          "Title": "CC3 Current Rate",
          "PropertyName": "CC3CURRRATE",
          "IncludeInReport": true,
          "IncludeInMenu": true,
          "Hidden": true,
          "ClientTemplate": "",
          "DataFormatType": ""
        },
        {
          "Title": "CC3 Promo Rate",
          "PropertyName": "CC3PROMORATE",
          "IncludeInReport": true,
          "IncludeInMenu": true,
          "Hidden": true,
          "ClientTemplate": "",
          "DataFormatType": ""
        },
        {
          "Title": "CC3 Promo Open Date",
          "PropertyName": "CC3PROMOOPNDTE",
          "IncludeInReport": true,
          "IncludeInMenu": true,
          "Hidden": true,
          "ClientTemplate": "",
          "DataFormatType": ""
        },
        {
          "Title": "CC3 Promo End Date",
          "PropertyName": "CC3PROMOENDTE",
          "IncludeInReport": true,
          "IncludeInMenu": true,
          "Hidden": true,
          "ClientTemplate": "",
          "DataFormatType": ""
        },
        {
          "Title": "CC4 Current Rate",
          "PropertyName": "CC4CURRRATE",
          "IncludeInReport": true,
          "IncludeInMenu": true,
          "Hidden": true,
          "ClientTemplate": "",
          "DataFormatType": ""
        },
        {
          "Title": "CC4 Promo Rate",
          "PropertyName": "CC4PROMORATE",
          "IncludeInReport": true,
          "IncludeInMenu": true,
          "Hidden": true,
          "ClientTemplate": "",
          "DataFormatType": ""
        },
        {
          "Title": "CC4 Promo Open Date",
          "PropertyName": "CC4PROMOOPNDTE",
          "IncludeInReport": true,
          "IncludeInMenu": true,
          "Hidden": true,
          "ClientTemplate": "",
          "DataFormatType": ""
        },
        {
          "Title": "CC4 Promo End Date",
          "PropertyName": "CC4PROMOENDTE",
          "IncludeInReport": true,
          "IncludeInMenu": true,
          "Hidden": true,
          "ClientTemplate": "",
          "DataFormatType": ""
        },
        {
          "Title": "CC5 Current Rate",
          "PropertyName": "CC5CURRRATE",
          "IncludeInReport": true,
          "IncludeInMenu": true,
          "Hidden": true,
          "ClientTemplate": "",
          "DataFormatType": ""
        },
        {
          "Title": "CC5 Promo Rate",
          "PropertyName": "CC5PROMORATE",
          "IncludeInReport": true,
          "IncludeInMenu": true,
          "Hidden": true,
          "ClientTemplate": "",
          "DataFormatType": ""
        },
        {
          "Title": "CC5 Promo Open Date",
          "PropertyName": "CC5PROMOOPNDTE",
          "IncludeInReport": true,
          "IncludeInMenu": true,
          "Hidden": true,
          "ClientTemplate": "",
          "DataFormatType": ""
        },
        {
          "Title": "CC5 Promo End Date",
          "PropertyName": "CC5PROMOENDTE",
          "IncludeInReport": true,
          "IncludeInMenu": true,
          "Hidden": true,
          "ClientTemplate": "",
          "DataFormatType": ""
        },
        {
          "Title": "CP1 Current Rate",
          "PropertyName": "CP1CURRRATE",
          "IncludeInReport": true,
          "IncludeInMenu": true,
          "Hidden": true,
          "ClientTemplate": "",
          "DataFormatType": ""
        },
        {
          "Title": "CP1 Promo Rate",
          "PropertyName": "CP1PROMORATE",
          "IncludeInReport": true,
          "IncludeInMenu": true,
          "Hidden": true,
          "ClientTemplate": "",
          "DataFormatType": ""
        },
        {
          "Title": "CP1 Promo Open Date",
          "PropertyName": "CP1PROMOOPNDTE",
          "IncludeInReport": true,
          "IncludeInMenu": true,
          "Hidden": true,
          "ClientTemplate": "",
          "DataFormatType": ""
        },
        {
          "Title": "CP1 Promo End Date",
          "PropertyName": "CP1PROMOENDTE",
          "IncludeInReport": true,
          "IncludeInMenu": true,
          "Hidden": true,
          "ClientTemplate": "",
          "DataFormatType": ""
        },
        {
          "Title": "CP2 Current Rate",
          "PropertyName": "CP2CURRRATE",
          "IncludeInReport": true,
          "IncludeInMenu": true,
          "Hidden": true,
          "ClientTemplate": "",
          "DataFormatType": ""
        },
        {
          "Title": "CP2 Promo Rate",
          "PropertyName": "CP2PROMORATE",
          "IncludeInReport": true,
          "IncludeInMenu": true,
          "Hidden": true,
          "ClientTemplate": "",
          "DataFormatType": ""
        },
        {
          "Title": "CP2 Promo Open Date",
          "PropertyName": "CP2PROMOOPNDTE",
          "IncludeInReport": true,
          "IncludeInMenu": true,
          "Hidden": true,
          "ClientTemplate": "",
          "DataFormatType": ""
        },
        {
          "Title": "CP2 Promo End Date",
          "PropertyName": "CP2PROMOENDTE",
          "IncludeInReport": true,
          "IncludeInMenu": true,
          "Hidden": true,
          "ClientTemplate": "",
          "DataFormatType": ""
        },
        {
          "Title": "CP3 Current Rate",
          "PropertyName": "CP3CURRRATE",
          "IncludeInReport": true,
          "IncludeInMenu": true,
          "Hidden": true,
          "ClientTemplate": "",
          "DataFormatType": ""
        },
        {
          "Title": "CP3 Promo Rate",
          "PropertyName": "CP3PROMORATE",
          "IncludeInReport": true,
          "IncludeInMenu": true,
          "Hidden": true,
          "ClientTemplate": "",
          "DataFormatType": ""
        },
        {
          "Title": "CP3 Promo Open Date",
          "PropertyName": "CP3PROMOOPNDTE",
          "IncludeInReport": true,
          "IncludeInMenu": true,
          "Hidden": true,
          "ClientTemplate": "",
          "DataFormatType": ""
        },
        {
          "Title": "CP3 Promo End Date",
          "PropertyName": "CP3PROMOENDTE",
          "IncludeInReport": true,
          "IncludeInMenu": true,
          "Hidden": true,
          "ClientTemplate": "",
          "DataFormatType": ""
        },
        {
          "Title": "CC Credit Limit",
          "PropertyName": "CCCREDITLIMIT",
          "IncludeInReport": true,
          "IncludeInMenu": true,
          "Hidden": true,
          "ClientTemplate": "",
          "DataFormatType": ""
        },
        {
          "Title": "CC Avail Balance",
          "PropertyName": "CCAVAILBAL",
          "IncludeInReport": true,
          "IncludeInMenu": true,
          "Hidden": true,
          "ClientTemplate": "",
          "DataFormatType": ""
        },
        {
          "Title": "CC Payment Due Date",
          "PropertyName": "CCPAYMDUEDTE",
          "IncludeInReport": true,
          "IncludeInMenu": true,
          "Hidden": true,
          "ClientTemplate": "",
          "DataFormatType": ""
        },
        {
          "Title": "CP Credit Limit",
          "PropertyName": "CPCREDITLIMIT",
          "IncludeInReport": true,
          "IncludeInMenu": true,
          "Hidden": true,
          "ClientTemplate": "",
          "DataFormatType": ""
        },
        {
          "Title": "CP Avail Balance",
          "PropertyName": "CPAVAILBAL",
          "IncludeInReport": true,
          "IncludeInMenu": true,
          "Hidden": true,
          "ClientTemplate": "",
          "DataFormatType": ""
        },
        {
          "Title": "CP Payment Due Date",
          "PropertyName": "CPPAYMDUEDTE",
          "IncludeInReport": true,
          "IncludeInMenu": true,
          "Hidden": true,
          "ClientTemplate": "",
          "DataFormatType": ""
        },
        {
          "Title": "Dep1 AccNo",
          "PropertyName": "DEP1ACCNO",
          "IncludeInReport": true,
          "IncludeInMenu": true,
          "Hidden": false,
          "ClientTemplate": "",
          "DataFormatType": ""
        },
        {
          "Title": "Dep1 Acc Desp",
          "PropertyName": "DEP1ACCDESP",
          "IncludeInReport": true,
          "IncludeInMenu": true,
          "Hidden": false,
          "ClientTemplate": "",
          "DataFormatType": ""
        },
        {
          "Title": "Dep1 Expiry Date",
          "PropertyName": "DEP1EXPIRYDATE",
          "IncludeInReport": true,
          "IncludeInMenu": true,
          "Hidden": true,
          "ClientTemplate": "",
          "DataFormatType": ""
        },
        {
          "Title": "Dep1 Acc Balance",
          "PropertyName": "DEP1ACCBAL",
          "IncludeInReport": true,
          "IncludeInMenu": true,
          "Hidden": true,
          "ClientTemplate": "",
          "DataFormatType": ""
        },
        {
          "Title": "DEP2 AccNo",
          "PropertyName": "DEP2ACCNO",
          "IncludeInReport": true,
          "IncludeInMenu": true,
          "Hidden": false,
          "ClientTemplate": "",
          "DataFormatType": ""
        },
        {
          "Title": "DEP2 Acc Desp",
          "PropertyName": "DEP2ACCDESP",
          "IncludeInReport": true,
          "IncludeInMenu": true,
          "Hidden": false,
          "ClientTemplate": "",
          "DataFormatType": ""
        },
        {
          "Title": "DEP2 Expiry Date",
          "PropertyName": "DEP2EXPIRYDATE",
          "IncludeInReport": true,
          "IncludeInMenu": true,
          "Hidden": true,
          "ClientTemplate": "",
          "DataFormatType": ""
        },
        {
          "Title": "DEP2 Acc Bal",
          "PropertyName": "DEP2ACCBAL",
          "IncludeInReport": true,
          "IncludeInMenu": true,
          "Hidden": true,
          "ClientTemplate": "",
          "DataFormatType": ""
        },
        {
          "Title": "DEP3 AccNo",
          "PropertyName": "DEP3ACCNO",
          "IncludeInReport": true,
          "IncludeInMenu": true,
          "Hidden": true,
          "ClientTemplate": "",
          "DataFormatType": ""
        },
        {
          "Title": "DEP3 Acc Desp",
          "PropertyName": "DEP3ACCDESP",
          "IncludeInReport": true,
          "IncludeInMenu": true,
          "Hidden": true,
          "ClientTemplate": "",
          "DataFormatType": ""
        },
        {
          "Title": "DEP3 Acc Bal",
          "PropertyName": "DEP3ACCBAL",
          "IncludeInReport": true,
          "IncludeInMenu": true,
          "Hidden": true,
          "ClientTemplate": "",
          "DataFormatType": ""
        },
        {
          "Title": "DEP4 AccNo",
          "PropertyName": "DEP4ACCNO",
          "IncludeInReport": true,
          "IncludeInMenu": true,
          "Hidden": true,
          "ClientTemplate": "",
          "DataFormatType": ""
        },
        {
          "Title": "DEP4 Acc Desp",
          "PropertyName": "DEP4ACCDESP",
          "IncludeInReport": true,
          "IncludeInMenu": true,
          "Hidden": true,
          "ClientTemplate": "",
          "DataFormatType": ""
        },
        {
          "Title": "DEP4 Acc Bal",
          "PropertyName": "DEP4ACCBAL",
          "IncludeInReport": true,
          "IncludeInMenu": true,
          "Hidden": true,
          "ClientTemplate": "",
          "DataFormatType": ""
        },
        {
          "Title": "DEP5 AccNo",
          "PropertyName": "DEP5ACCNO",
          "IncludeInReport": true,
          "IncludeInMenu": true,
          "Hidden": true,
          "ClientTemplate": "",
          "DataFormatType": ""
        },
        {
          "Title": "DEP5 Acc Desp",
          "PropertyName": "DEP5ACCDESP",
          "IncludeInReport": true,
          "IncludeInMenu": true,
          "Hidden": true,
          "ClientTemplate": "",
          "DataFormatType": ""
        },
        {
          "Title": "DEP5 Acc Bal",
          "PropertyName": "DEP5ACCBAL",
          "IncludeInReport": true,
          "IncludeInMenu": true,
          "Hidden": true,
          "ClientTemplate": "",
          "DataFormatType": ""
        },
        {
          "Title": "DEP6 AccNo",
          "PropertyName": "DEP6ACCNO",
          "IncludeInReport": true,
          "IncludeInMenu": true,
          "Hidden": true,
          "ClientTemplate": "",
          "DataFormatType": ""
        },
        {
          "Title": "DEP6 Acc Desp",
          "PropertyName": "DEP6ACCDESP",
          "IncludeInReport": true,
          "IncludeInMenu": true,
          "Hidden": true,
          "ClientTemplate": "",
          "DataFormatType": ""
        },
        {
          "Title": "DEP6 Acc Bal",
          "PropertyName": "DEP6ACCBAL",
          "IncludeInReport": true,
          "IncludeInMenu": true,
          "Hidden": true,
          "ClientTemplate": "",
          "DataFormatType": ""
        },
        {
          "Title": "DEP7 AccNo",
          "PropertyName": "DEP7ACCNO",
          "IncludeInReport": true,
          "IncludeInMenu": true,
          "Hidden": true,
          "ClientTemplate": "",
          "DataFormatType": ""
        },
        {
          "Title": "DEP7 Acc Desp",
          "PropertyName": "DEP7ACCDESP",
          "IncludeInReport": true,
          "IncludeInMenu": true,
          "Hidden": true,
          "ClientTemplate": "",
          "DataFormatType": ""
        },
        {
          "Title": "DEP7 Acc Bal",
          "PropertyName": "DEP7ACCBAL",
          "IncludeInReport": true,
          "IncludeInMenu": true,
          "Hidden": true,
          "ClientTemplate": "",
          "DataFormatType": ""
        },
        {
          "Title": "LOAN1 AccNo",
          "PropertyName": "LOAN1ACCNO",
          "IncludeInReport": true,
          "IncludeInMenu": true,
          "Hidden": true,
          "ClientTemplate": "",
          "DataFormatType": ""
        },
        {
          "Title": "LOAN1 Acc Desp",
          "PropertyName": "LOAN1ACCDESP",
          "IncludeInReport": true,
          "IncludeInMenu": true,
          "Hidden": true,
          "ClientTemplate": "",
          "DataFormatType": ""
        },
        {
          "Title": "LOAN1 Acc Bal",
          "PropertyName": "LOAN1ACCBAL",
          "IncludeInReport": true,
          "IncludeInMenu": true,
          "Hidden": true,
          "ClientTemplate": "",
          "DataFormatType": ""
        },
        {
          "Title": "LOAN2 AccNo",
          "PropertyName": "LOAN2ACCNO",
          "IncludeInReport": true,
          "IncludeInMenu": true,
          "Hidden": true,
          "ClientTemplate": "",
          "DataFormatType": ""
        },
        {
          "Title": "LOAN2 Acc Desp",
          "PropertyName": "LOAN2ACCDESP",
          "IncludeInReport": true,
          "IncludeInMenu": true,
          "Hidden": true,
          "ClientTemplate": "",
          "DataFormatType": ""
        },
        {
          "Title": "LOAN2 Acc Bal",
          "PropertyName": "LOAN2ACCBAL",
          "IncludeInReport": true,
          "IncludeInMenu": true,
          "Hidden": true,
          "ClientTemplate": "",
          "DataFormatType": ""
        },
        {
          "Title": "LOAN3 AccNo",
          "PropertyName": "LOAN3ACCNO",
          "IncludeInReport": true,
          "IncludeInMenu": true,
          "Hidden": true,
          "ClientTemplate": "",
          "DataFormatType": ""
        },
        {
          "Title": "LOAN3 Acc Desp",
          "PropertyName": "LOAN3ACCDESP",
          "IncludeInReport": true,
          "IncludeInMenu": true,
          "Hidden": true,
          "ClientTemplate": "",
          "DataFormatType": ""
        },
        {
          "Title": "LOAN3 Acc Bal",
          "PropertyName": "LOAN3ACCBAL",
          "IncludeInReport": true,
          "IncludeInMenu": true,
          "Hidden": true,
          "ClientTemplate": "",
          "DataFormatType": ""
        },
        {
          "Title": "LOAN4 AccNo",
          "PropertyName": "LOAN4ACCNO",
          "IncludeInReport": true,
          "IncludeInMenu": true,
          "Hidden": true,
          "ClientTemplate": "",
          "DataFormatType": ""
        },
        {
          "Title": "LOAN4 Acc Desp",
          "PropertyName": "LOAN4ACCDESP",
          "IncludeInReport": true,
          "IncludeInMenu": true,
          "Hidden": true,
          "ClientTemplate": "",
          "DataFormatType": ""
        },
        {
          "Title": "LOAN4 Acc Bal",
          "PropertyName": "LOAN4ACCBAL",
          "IncludeInReport": true,
          "IncludeInMenu": true,
          "Hidden": true,
          "ClientTemplate": "",
          "DataFormatType": ""
        },
        {
          "Title": "LOAN5 AccNo",
          "PropertyName": "LOAN5ACCNO",
          "IncludeInReport": true,
          "IncludeInMenu": true,
          "Hidden": true,
          "ClientTemplate": "",
          "DataFormatType": ""
        },
        {
          "Title": "LOAN5 Acc Desp",
          "PropertyName": "LOAN5ACCDESP",
          "IncludeInReport": true,
          "IncludeInMenu": true,
          "Hidden": true,
          "ClientTemplate": "",
          "DataFormatType": ""
        },
        {
          "Title": "LOAN5 Acc Bal",
          "PropertyName": "LOAN5ACCBAL",
          "IncludeInReport": true,
          "IncludeInMenu": true,
          "Hidden": true,
          "ClientTemplate": "",
          "DataFormatType": ""
        },
        {
          "Title": "LOAN6 AccNo",
          "PropertyName": "LOAN6ACCNO",
          "IncludeInReport": true,
          "IncludeInMenu": true,
          "Hidden": true,
          "ClientTemplate": "",
          "DataFormatType": ""
        },
        {
          "Title": "LOAN6 Acc Desp",
          "PropertyName": "LOAN6ACCDESP",
          "IncludeInReport": true,
          "IncludeInMenu": true,
          "Hidden": true,
          "ClientTemplate": "",
          "DataFormatType": ""
        },
        {
          "Title": "LOAN6 Acc Bal",
          "PropertyName": "LOAN6ACCBAL",
          "IncludeInReport": true,
          "IncludeInMenu": true,
          "Hidden": true,
          "ClientTemplate": "",
          "DataFormatType": ""
        },
        {
          "Title": "LOAN7 AccNo",
          "PropertyName": "LOAN7ACCNO",
          "IncludeInReport": true,
          "IncludeInMenu": true,
          "Hidden": true,
          "ClientTemplate": "",
          "DataFormatType": ""
        },
        {
          "Title": "LOAN7 Acc Desp",
          "PropertyName": "LOAN7ACCDESP",
          "IncludeInReport": true,
          "IncludeInMenu": true,
          "Hidden": true,
          "ClientTemplate": "",
          "DataFormatType": ""
        },
        {
          "Title": "LOAN7 Acc Bal",
          "PropertyName": "LOAN7ACCBAL",
          "IncludeInReport": true,
          "IncludeInMenu": true,
          "Hidden": true,
          "ClientTemplate": "",
          "DataFormatType": ""
        },
        {
          "Title": "Entry Date",
          "PropertyName": "ENTRYDATE",
          "IncludeInReport": true,
          "IncludeInMenu": true,
          "Hidden": true,
          "ClientTemplate": "",
          "DataFormatType": ""
        },
        {
          "Title": "Spare 1",
          "PropertyName": "SPARE1",
          "IncludeInReport": true,
          "IncludeInMenu": true,
          "Hidden": true,
          "ClientTemplate": "",
          "DataFormatType": ""
        },
        {
          "Title": "Spare 2",
          "PropertyName": "SPARE2",
          "IncludeInReport": true,
          "IncludeInMenu": true,
          "Hidden": true,
          "ClientTemplate": "",
          "DataFormatType": ""
        },
        {
          "Title": "Spare 3",
          "PropertyName": "SPARE3",
          "IncludeInReport": true,
          "IncludeInMenu": true,
          "Hidden": true,
          "ClientTemplate": "",
          "DataFormatType": ""
        },
        {
          "Title": "Spare 4",
          "PropertyName": "SPARE4",
          "IncludeInReport": true,
          "IncludeInMenu": true,
          "Hidden": true,
          "ClientTemplate": "",
          "DataFormatType": ""
        },
        {
          "Title": "Spare 5",
          "PropertyName": "SPARE5",
          "IncludeInReport": true,
          "IncludeInMenu": true,
          "Hidden": true,
          "ClientTemplate": "",
          "DataFormatType": ""
        },
        {
          "Title": "Spare 6",
          "PropertyName": "SPARE6",
          "IncludeInReport": true,
          "IncludeInMenu": true,
          "Hidden": true,
          "ClientTemplate": "",
          "DataFormatType": ""
        }
      ]
    },
    {
      /*Main Grid Client Template*/
      "Name": "",
      "ClientDetailTemplateId": "",
      "ClientDetailTemplateColumn": "",
      "DetailReportName": "",
      "DetailReportColumnNameOne": "",
      "DetailReportColumnNameTwo": "",
      "DetailReportColumnNameThree": "",
      "IsdetailReport": false,
      "SummaryDataButton": false,
      "Selectable": "cell", /* cell/row/none*/
      "Change": "",
      "DataBound": "",
      "ColumnHide": "",
      "ColumnShow": "",
      "ExcelExport": "",
      "DetailExpand": "",
      "Action": "",
      "Controller": "",
      "DataParameter": "",
      "ServerOperation": "",
      "GridAutoResize": "1",
      "PageSize": "10",
      "Identity": [],
      "ReportAutoCompleteSearch": {
      },
      "Columns": [
      ]
    },
    {
      /*Main grid drill first*/
      "Name": "",
      "ClientDetailTemplateId": "",
      "ClientDetailTemplateColumn": "",
      "DetailReportName": "",
      "DetailReportColumnNameOne": "",
      "DetailReportColumnNameTwo": "",
      "DetailReportColumnNameThree": "",
      "IsdetailReport": false,
      "SummaryDataButton": false,
      "Selectable": "", /* cell/row/none*/
      "Change": "",
      "DataBound": "",
      "ColumnHide": "",
      "ColumnShow": "",
      "ExcelExport": "",
      "DetailExpand": "",
      "Action": "",
      "Controller": "",
      "DataParameter": "",
      "ServerOperation": "",
      "GridAutoResize": "1",
      "PageSize": "10",
      "Identity": [
      ],
      "ReportAutoCompleteSearch": {},
      "Columns": []
    },
    {
      /*Main grid drill second*/
      "Name": "",
      "ClientDetailTemplateId": "",
      "ClientDetailTemplateColumn": "",
      "DetailReportName": "",
      "DetailReportColumnNameOne": "",
      "DetailReportColumnNameTwo": "",
      "DetailReportColumnNameThree": "",
      "IsdetailReport": false,
      "SummaryDataButton": false,
      "Selectable": "", /* cell/row/none*/
      "Change": "",
      "DataBound": "",
      "ColumnHide": "",
      "ColumnShow": "",
      "ExcelExport": "",
      "DetailExpand": "",
      "Action": "",
      "Controller": "",
      "DataParameter": "",
      "ServerOperation": "",
      "GridAutoResize": "1",
      "PageSize": "10",
      "Identity": [],
      "ReportAutoCompleteSearch": {},
      "Columns": []
    },
    {
      /*Main grid drill third*/
      "Name": "",
      "ClientDetailTemplateId": "",
      "ClientDetailTemplateColumn": "",
      "DetailReportName": "",
      "DetailReportColumnNameOne": "",
      "DetailReportColumnNameTwo": "",
      "DetailReportColumnNameThree": "",
      "IsdetailReport": false,
      "SummaryDataButton": false,
      "Selectable": "", /* cell/row/none*/
      "Change": "",
      "DataBound": "",
      "ColumnHide": "",
      "ColumnShow": "",
      "ExcelExport": "",
      "DetailExpand": "",
      "Action": "",
      "Controller": "",
      "DataParameter": "",
      "ServerOperation": "",
      "GridAutoResize": "1",
      "PageSize": "10",
      "Identity": [],
      "ReportAutoCompleteSearch": {},
      "Columns": []
    }
  ]
}
