﻿{
  "JsonVersioningDetails": {
    "FileName": "OCMCampaignSurveySearchAndRetrievalReport.json",
    "Location": "Reports",
    "Version": "11.25",
    "LastModifiedDateTime": "23-11-2018 08:30:00 AM",
    "LastModifiedBy": "Shreenitha",
    "Description": "Versioning Added"
  },
  "ReportName": "OCM Survey Search And Retrieval Report",
  "Grid": [
    {
      /*Main Grid*/
      "Name": "OCMCampaignSurveySearchAndRetrievalReport",
      "ClientDetailTemplateId": "",
      "ClientDetailTemplateColumn": "",
      "DetailReportName": "OCMCampaignSurveySearchAndRetrievalDetailReport",
      "DetailReportColumnNameOne": "RespondentName",
      "DetailReportColumnNameTwo": "RespondentPhoneNumber",
      "DetailReportColumnNameThree": "",
      "IsdetailReport": true,
      "SummaryDataButton": false,
      "Selectable": "row", /* cell/row/none*/
      "Change": "onChangeGridOne",
      "DataBound": "onDataBound",
      "ColumnHide": "onDataBound",
      "ColumnShow": "onDataBound",
      "ExcelExport": "validateExportExcel",
      "DetailExpand": "onGridDetailExpand",
      "Action": "GetGridData",
      "Controller": "OCMReport",
      "DataParameter": "",
      "ServerOperation": "",
      "GridAutoResize": "1",
      "PageSize": "10",
      "Identity": [ {
          "ColumnName": "All",
          "Header": "Survey Details for Respondent : "
        }],
      "ReportAutoCompleteSearch": {
        "Title": "Respondent Name",
        "PropertyName": "RespondentName"
      },
      "Columns": [       
        {
          "Title": "Survey Created Date Time",
          "PropertyName": "SurveyCreatedDateTime",
          "IncludeInReport": true,
          "IncludeInMenu": true,
          "Hidden": false,
          "ClientTemplate": "",
          "DataFormatType": ""
        },
        {
          "Title": "Survey Modified Date Time",
          "PropertyName": "SurveyLastModifiedDateTime",
          "IncludeInReport": true,
          "IncludeInMenu": true,
          "Hidden": false,
          "ClientTemplate": "",
          "DataFormatType": ""
        },
        {
          "Title": "Survey Title",
          "PropertyName": "QuestionnaireName",
          "IncludeInReport": true,
          "IncludeInMenu": true,
          "Hidden": false,
          "ClientTemplate": "",
          "DataFormatType": ""
        },
        {
          "Title": "Survey Intent",
          "PropertyName": "Intent",
          "IncludeInReport": true,
          "IncludeInMenu": true,
          "Hidden": false,
          "ClientTemplate": "",
          "DataFormatType": ""
        },
        {
          "Title": "Survey ID",
          "PropertyName": "SurveyID",
          "IncludeInReport": true,
          "IncludeInMenu": true,
          "Hidden": false,
          "ClientTemplate": "",
          "DataFormatType": ""
        },
        {
          "Title": "Survey Call Duration",
          "PropertyName": "CallDurationTime",
          "IncludeInReport": true,
          "IncludeInMenu": true,
          "Hidden": false,
          "ClientTemplate": "",
          "DataFormatType": ""
        },
        {
          "Title": "Respondent Name",
          "PropertyName": "RespondentName",
          "IncludeInReport": true,
          "IncludeInMenu": true,
          "Hidden": false,
          "ClientTemplate": "",
          "DataFormatType": ""
        },
        {
          "Title": "Respondent Phone Number",
          "PropertyName": "RespondentPhoneNumber",
          "IncludeInReport": true,
          "IncludeInMenu": true,
          "Hidden": false,
          "ClientTemplate": "",
          "DataFormatType": ""
        },
        {
          "Title": "Operator ID",
          "PropertyName": "OperatorID",
          "IncludeInReport": true,
          "IncludeInMenu": true,
          "Hidden": false,
          "ClientTemplate": "",
          "DataFormatType": ""
        },
        {
          "Title": "Operator Name",
          "PropertyName": "OperatorName",
          "IncludeInReport": true,
          "IncludeInMenu": true,
          "Hidden": false,
          "ClientTemplate": "",
          "DataFormatType": ""
        },
        {
          "Title": "Extension Number",
          "PropertyName": "ExtensionNumber",
          "IncludeInReport": true,
          "IncludeInMenu": true,
          "Hidden": false,
          "ClientTemplate": "",
          "DataFormatType": ""
        },
        {
          "Title": "Survey Creator",
          "PropertyName": "SurveyCreator",
          "IncludeInReport": true,
          "IncludeInMenu": true,
          "Hidden": false,
          "ClientTemplate": "",
          "DataFormatType": ""
        }
      ]
    },
    {
      /*Main Grid Client Template*/
      "Name": "",
      "ClientDetailTemplateId": "",
      "ClientDetailTemplateColumn": "",
      "DetailReportName": "",
      "DetailReportColumnNameOne": "",
      "DetailReportColumnNameTwo": "",
      "DetailReportColumnNameThree": "",
      "IsdetailReport": false,
      "SummaryDataButton": false,
      "Selectable": "", /* cell/row/none*/
      "Change": "",
      "DataBound": "",
      "ColumnHide": "",
      "ColumnShow": "",
      "ExcelExport": "",
      "DetailExpand": "",
      "Action": "",
      "Controller": "",
      "DataParameter": "",
      "ServerOperation": "",
      "GridAutoResize": "1",
      "PageSize": "10",
      "Identity": [],
      "ReportAutoCompleteSearch": {
      },
      "Columns": [
      ]
    },
    {
      /*Main grid drill first*/
      "Name": "OCMCampaignSurveySearchAndRetrievalDetailReport",
      "ClientDetailTemplateId": "",
      "ClientDetailTemplateColumn": "",
      "DetailReportName": "",
      "DetailReportColumnNameOne": "",
      "DetailReportColumnNameTwo": "",
      "DetailReportColumnNameThree": "",
      "IsdetailReport": false,
      "SummaryDataButton": false,
      "Selectable": "row", /* cell/row/none*/
      "Change": "onDataBound",
      "DataBound": "onDataBound",
      "ColumnHide": "onDataBound",
      "ColumnShow": "onDataBound",
      "ExcelExport": "validateExportExcel",
      "DetailExpand": "onGridDetailExpand",
      "Action": "DrillGridOneData",
      "Controller": "OCMReport",
      "DataParameter": "",
      "ServerOperation": "",
      "GridAutoResize": "1",
      "PageSize": "10",
      "Identity": [],
      "ReportAutoCompleteSearch": {},
      "Columns": [
        {
          "Title": "Respondent Name",
          "PropertyName": "RespondentName",
          "IncludeInReport": true,
          "IncludeInMenu": true,
          "Hidden": false,
          "ClientTemplate": "",
          "DataFormatType": ""
        }, 
        {
          "Title": "Respondent Phone Number",
          "PropertyName": "RespondentPhoneNumber",
          "IncludeInReport": true,
          "IncludeInMenu": true,
          "Hidden": false,
          "ClientTemplate": "",
          "DataFormatType": ""
        }, 
        {
          "Title": "Survey Start Date Time",
          "PropertyName": "SurveyStartDateTime",
          "IncludeInReport": true,
          "IncludeInMenu": true,
          "Hidden": false,
          "ClientTemplate": "",
          "DataFormatType": ""
        },
        {
          "Title": "Survey End Date Time",
          "PropertyName": "SurveyEndDateTime",
          "IncludeInReport": true,
          "IncludeInMenu": true,
          "Hidden": false,
          "ClientTemplate": "",
          "DataFormatType": ""
        },
        {
          "Title": "Survey ID",
          "PropertyName": "SurveyID",
          "IncludeInReport": true,
          "IncludeInMenu": true,
          "Hidden": false,
          "ClientTemplate": "",
          "DataFormatType": ""
        },
        {
          "Title": "Survey Intent",
          "PropertyName": "SurveyIntent",
          "IncludeInReport": true,
          "IncludeInMenu": true,
          "Hidden": false,
          "ClientTemplate": "",
          "DataFormatType": ""
        },
        {
          "Title": "Questionnaire Name",
          "PropertyName": "QuestionnaireName",
          "IncludeInReport": true,
          "IncludeInMenu": true,
          "Hidden": false,
          "ClientTemplate": "",
          "DataFormatType": ""
        },
        {
          "Title": "Question ID",
          "PropertyName": "QuestionID",
          "IncludeInReport": true,
          "IncludeInMenu": true,
          "Hidden": false,
          "ClientTemplate": "",
          "DataFormatType": ""
        },
        {
          "Title": "Question",
          "PropertyName": "Question",
          "IncludeInReport": true,
          "IncludeInMenu": true,
          "Hidden": false,
          "ClientTemplate": "",
          "DataFormatType": ""
        },
        {
          "Title": "Answers Given",
          "PropertyName": "Answers",
          "IncludeInReport": true,
          "IncludeInMenu": true,
          "Hidden": false,
          "ClientTemplate": "",
          "DataFormatType": ""
        }
      ]
    },
    {
      /*Main grid drill second*/
      "Name": "OCMCampaignRespondentSummarySurveyDetailsReport",
      "ClientDetailTemplateId": "",
      "ClientDetailTemplateColumn": "",
      "DetailReportName": "",
      "DetailReportColumnNameOne": "",
      "DetailReportColumnNameTwo": "",
      "DetailReportColumnNameThree": "",
      "IsdetailReport": false,
      "SummaryDataButton": false,
       "Selectable": "cell", /* cell/row/none*/
      "Change": "empty",
      "DataBound": "onDataBound",
      "ColumnHide": "onDataBound",
      "ColumnShow": "onDataBound",
      "ExcelExport": "validateExportExcel",
      "DetailExpand": "onGridDetailExpand",
      "Action": "DrillGridTwoData",
      "Controller": "OCMReport",
      "DataParameter": "",
      "ServerOperation": "",
      "GridAutoResize": "1",
      "PageSize": "10",
      "Identity": [],
      "ReportAutoCompleteSearch": {},
      "Columns": [
        {
          "Title": "Respondent Name",
          "PropertyName": "RespondentName",
          "IncludeInReport": true,
          "IncludeInMenu": true,
          "Hidden": false,
          "ClientTemplate": "",
          "DataFormatType": ""
        }, 
        {
          "Title": "Survey Start Date Time",
          "PropertyName": "SurveyStartDateTime",
          "IncludeInReport": true,
          "IncludeInMenu": true,
          "Hidden": false,
          "ClientTemplate": "",
          "DataFormatType": ""
        },
        {
          "Title": "Survey End Date Time",
          "PropertyName": "SurveyEndDateTime",
          "IncludeInReport": true,
          "IncludeInMenu": true,
          "Hidden": false,
          "ClientTemplate": "",
          "DataFormatType": ""
        },
        {
          "Title": "Question ID",
          "PropertyName": "QuestionID",
          "IncludeInReport": true,
          "IncludeInMenu": true,
          "Hidden": false,
          "ClientTemplate": "",
          "DataFormatType": ""
        },
        {
          "Title": "Question",
          "PropertyName": "Question",
          "IncludeInReport": true,
          "IncludeInMenu": true,
          "Hidden": false,
          "ClientTemplate": "",
          "DataFormatType": ""
        },
        {
          "Title": "Answers",
          "PropertyName": "Answers",
          "IncludeInReport": true,
          "IncludeInMenu": true,
          "Hidden": false,
          "ClientTemplate": "",
          "DataFormatType": ""
        },
        {
          "Title": "Response Time",
          "PropertyName": "ResponseTime",
          "IncludeInReport": true,
          "IncludeInMenu": true,
          "Hidden": false,
          "ClientTemplate": "",
          "DataFormatType": ""
        }
      ]
    },
    {
      /*Main grid drill third*/
      "Name": "",
      "ClientDetailTemplateId": "",
      "ClientDetailTemplateColumn": "",
      "DetailReportName": "",
      "DetailReportColumnNameOne": "",
      "DetailReportColumnNameTwo": "",
      "DetailReportColumnNameThree": "",
      "IsdetailReport": false,
      "SummaryDataButton": false,
      "Selectable": "", /* cell/row/none*/
      "Change": "",
      "DataBound": "",
      "ColumnHide": "",
      "ColumnShow": "",
      "ExcelExport": "",
      "DetailExpand": "",
      "Action": "",
      "Controller": "",
      "DataParameter": "",
      "ServerOperation": "",
      "GridAutoResize": "1",
      "PageSize": "10",
      "Identity": [],
      "ReportAutoCompleteSearch": {},
      "Columns": []
    }
  ]
}