﻿{
  "JsonVersioningDetails": {
    "FileName": "OCMCollectionsNTCReport.json",
    "Location": "Reports",
    "Version": "12.17",
    "LastModifiedDateTime": "17-12-2018 08:30:00 AM",
    "LastModifiedBy": "Shreeraj",
    "Description": "Versioning Added"
  },
  "ReportName": "OCM Collections NTC Attempted",
  "Grid": [
    {
      /*Main Grid*/
      "Name": "OCMCollectionsNTCReport",
      "ClientDetailTemplateId": "",
      "ClientDetailTemplateColumn": "",
      "DetailReportName": "",
      "DetailReportColumnNameOne": "",
      "DetailReportColumnNameTwo": "",
      "DetailReportColumnNameThree": "",
      "IsdetailReport": false,
      "SummaryDataButton": false,
      "Selectable": "none", /* cell/row/none*/
      "Change": "onChange",
      "DataBound": "onDataBound",
      "ColumnHide": "onDataBound",
      "ColumnShow": "onDataBound",
      "ExcelExport": "validateExportExcel",
      "DetailExpand": "onGridDetailExpand",
      "Action": "GetGridData",
      "Controller": "OCMReport",
      "DataParameter": "",
      "ServerOperation": "",
      "GridAutoResize": "0",
      "PageSize": "10",
      "Identity": [],
      "ReportAutoCompleteSearch": {
        "Title": "Campaign Name",
        "PropertyName": "CampaignName"
      },
      "Columns": [
        {
          "Title": "Campaign Name",
          "PropertyName": "CampaignName",
          "IncludeInReport": true,
          "IncludeInMenu": true,
          "Hidden": false,
          "ClientTemplate": "",
          "DataFormatType": ""
        },
        {
          "Title": "Job Id",
          "PropertyName": "JobId",
          "IncludeInReport": true,
          "IncludeInMenu": true,
          "Hidden": false,
          "ClientTemplate": "",
          "DataFormatType": ""
        },
        {
          "Title": "Attempt DateTime",
          "PropertyName": "AttemptDateTime",
          "IncludeInReport": true,
          "IncludeInMenu": true,
          "Hidden": false,
          "ClientTemplate": "",
          "DataFormatType": ""
        },
        {
          "Title": "Agent Id",
          "PropertyName": "AgentId",
          "IncludeInReport": true,
          "IncludeInMenu": true,
          "Hidden": false,
          "ClientTemplate": "",
          "DataFormatType": ""
        },
        {
          "Title": "Location Id",
          "PropertyName": "LocationId",
          "IncludeInReport": true,
          "IncludeInMenu": true,
          "Hidden": false,
          "ClientTemplate": "",
          "DataFormatType": ""
        },
        {
          "Title": "Account No",
          "PropertyName": "AccountNo",
          "IncludeInReport": true,
          "IncludeInMenu": true,
          "Hidden": false,
          "ClientTemplate": "",
          "DataFormatType": ""
        },
        {
          "Title": "Phone Field",
          "PropertyName": "PhoneField",
          "IncludeInReport": true,
          "IncludeInMenu": true,
          "Hidden": false,
          "ClientTemplate": "",
          "DataFormatType": ""
        },
        {
          "Title": "Phone Num",
          "PropertyName": "PhoneNum",
          "IncludeInReport": true,
          "IncludeInMenu": true,
          "Hidden": false,
          "ClientTemplate": "",
          "DataFormatType": ""
        },
        {
          "Title": "Completion Code",
          "PropertyName": "CompletionCode",
          "IncludeInReport": true,
          "IncludeInMenu": true,
          "Hidden": false,
          "ClientTemplate": "",
          "DataFormatType": ""
        },
        {
          "Title": "Report DateTime",
          "PropertyName": "ReportDateTime",
          "IncludeInReport": true,
          "IncludeInMenu": true,
          "Hidden": false,
          "ClientTemplate": "",
          "DataFormatType": ""
        }
      ]
    },
    {
      /*Main Grid Client Template*/
      "Name": "",
      "ClientDetailTemplateId": "",
      "ClientDetailTemplateColumn": "",
      "DetailReportName": "",
      "DetailReportColumnNameOne": "",
      "DetailReportColumnNameTwo": "",
      "DetailReportColumnNameThree": "",
      "IsdetailReport": false,
      "SummaryDataButton": false,
      "Selectable": "", /* cell/row/none*/
      "Change": "",
      "DataBound": "",
      "ColumnHide": "",
      "ColumnShow": "",
      "ExcelExport": "",
      "DetailExpand": "",
      "Action": "",
      "Controller": "",
      "DataParameter": "",
      "ServerOperation": "",
      "GridAutoResize": "1",
      "PageSize": "10",
      "Identity": [],
      "ReportAutoCompleteSearch": {
      },
      "Columns": [
      ]
    },
    {
      /*Main grid drill first*/
      "Name": "",
      "ClientDetailTemplateId": "",
      "ClientDetailTemplateColumn": "",
      "DetailReportName": "",
      "DetailReportColumnNameOne": "",
      "DetailReportColumnNameTwo": "",
      "DetailReportColumnNameThree": "",
      "IsdetailReport": false,
      "SummaryDataButton": false,
      "Selectable": "", /* cell/row/none*/
      "Change": "",
      "DataBound": "",
      "ColumnHide": "",
      "ColumnShow": "",
      "ExcelExport": "",
      "DetailExpand": "",
      "Action": "",
      "Controller": "",
      "DataParameter": "",
      "ServerOperation": "",
      "GridAutoResize": "1",
      "PageSize": "10",
      "Identity": [
      ],
      "ReportAutoCompleteSearch": {},
      "Columns": []
    },
    {
      /*Main grid drill second*/
      "Name": "",
      "ClientDetailTemplateId": "",
      "ClientDetailTemplateColumn": "",
      "DetailReportName": "",
      "DetailReportColumnNameOne": "",
      "DetailReportColumnNameTwo": "",
      "DetailReportColumnNameThree": "",
      "IsdetailReport": false,
      "SummaryDataButton": false,
      "Selectable": "", /* cell/row/none*/
      "Change": "",
      "DataBound": "",
      "ColumnHide": "",
      "ColumnShow": "",
      "ExcelExport": "",
      "DetailExpand": "",
      "Action": "",
      "Controller": "",
      "DataParameter": "",
      "ServerOperation": "",
      "GridAutoResize": "1",
      "PageSize": "10",
      "Identity": [],
      "ReportAutoCompleteSearch": {},
      "Columns": []
    },
    {
      /*Main grid drill third*/
      "Name": "",
      "ClientDetailTemplateId": "",
      "ClientDetailTemplateColumn": "",
      "DetailReportName": "",
      "DetailReportColumnNameOne": "",
      "DetailReportColumnNameTwo": "",
      "DetailReportColumnNameThree": "",
      "IsdetailReport": false,
      "SummaryDataButton": false,
      "Selectable": "", /* cell/row/none*/
      "Change": "",
      "DataBound": "",
      "ColumnHide": "",
      "ColumnShow": "",
      "ExcelExport": "",
      "DetailExpand": "",
      "Action": "",
      "Controller": "",
      "DataParameter": "",
      "ServerOperation": "",
      "GridAutoResize": "1",
      "PageSize": "10",
      "Identity": [],
      "ReportAutoCompleteSearch": {},
      "Columns": []
    }
  ]
}
