﻿{
  "JsonVersioningDetails": {
    "FileName": "OCMCPFTSalesReport.json",
    "Location": "Reports",
    "Version": "10.5",
    "LastModifiedDateTime": "05-10-2018 12:48:00 PM",
    "LastModifiedBy": "Shreenitha",
    "Description": "Added new Json for CPFT Sales Report"
  },
  "ReportName": "OCM CPFT Sales Report",
  "Grid": [
    {
      /*Main Grid*/
      "Name": "OCMCPFTSalesReport",
      "ClientDetailTemplateId": "",
      "ClientDetailTemplateColumn": "",
      "DetailReportName": "",
      "DetailReportColumnNameOne": "",
      "DetailReportColumnNameTwo": "",
      "DetailReportColumnNameThree": "",
      "IsdetailReport": false,
      "SummaryDataButton": false,
      "Selectable": "none", /* cell/row/none*/
      "Change": "onChange",
      "DataBound": "onDataBound",
      "ColumnHide": "onDataBound",
      "ColumnShow": "onDataBound",
      "ExcelExport": "validateExportExcel",
      "DetailExpand": "onGridDetailExpand",
      "Action": "GetGridData",
      "Controller": "OCMReport",
      "DataParameter": "",
      "ServerOperation": "",
      "GridAutoResize": "0",
      "PageSize": "10",
      "Identity": [ ],
      "ReportAutoCompleteSearch": {
        "Title": "Agent ID",
        "PropertyName": "AgentID"
      },
      "Columns": [
        {
          "Title": "Agent ID",
          "PropertyName": "AgentID",
          "IncludeInReport": true,
          "IncludeInMenu": true,
          "Hidden": false,
          "ClientTemplate": "",
          "DataFormatType": ""
        },
        {
          "Title": "Agent Name",
          "PropertyName": "AgentName",
          "IncludeInReport": true,
          "IncludeInMenu": true,
          "Hidden": false,
          "ClientTemplate": "",
          "DataFormatType": ""
        },
        {
          "Title": "Campaign Code",
          "PropertyName": "CampaignCode",
          "IncludeInReport": true,
          "IncludeInMenu": true,
          "Hidden": false,
          "ClientTemplate": "",
          "DataFormatType": ""
        },
        {
          "Title": "No",
          "PropertyName": "No",
          "IncludeInReport": true,
          "IncludeInMenu": true,
          "Hidden": false,
          "ClientTemplate": "",
          "DataFormatType": ""
        },
        {
          "Title": "Date Admin Received",
          "PropertyName": "DateAdminReceived",
          "IncludeInReport": true,
          "IncludeInMenu": true,
          "Hidden": false,
          "ClientTemplate": "",
          "DataFormatType": ""
        },
        {
          "Title": "Name of customer",
          "PropertyName": "Nameofcustomer",
          "IncludeInReport": true,
          "IncludeInMenu": true,
          "Hidden": false,
          "ClientTemplate": "",
          "DataFormatType": ""
        },
        {
          "Title": "NRIC",
          "PropertyName": "NRIC",
          "IncludeInReport": true,
          "IncludeInMenu": true,
          "Hidden": false,
          "ClientTemplate": "",
          "DataFormatType": ""
        },
        {
          "Title": "CP = Cashplus",
          "PropertyName": "Cashplus",
          "IncludeInReport": true,
          "IncludeInMenu": true,
          "Hidden": false,
          "ClientTemplate": "",
          "DataFormatType": ""
        },
        {
          "Title": "UOB Acct No",
          "PropertyName": "UOBAcctNo",
          "IncludeInReport": true,
          "IncludeInMenu": true,
          "Hidden": false,
          "ClientTemplate": "",
          "DataFormatType": ""
        },
        {
          "Title": "Issuing Bank (1)",
          "PropertyName": "IssuingBank",
          "IncludeInReport": true,
          "IncludeInMenu": true,
          "Hidden": false,
          "ClientTemplate": "",
          "DataFormatType": ""
        },
        {
          "Title": "Account No (1)",
          "PropertyName": "AccountNo",
          "IncludeInReport": true,
          "IncludeInMenu": true,
          "Hidden": false,
          "ClientTemplate": "",
          "DataFormatType": ""
        },
        {
          "Title": "Transfer Amt (1)",
          "PropertyName": "TransferAmt",
          "IncludeInReport": true,
          "IncludeInMenu": true,
          "Hidden": false,
          "ClientTemplate": "",
          "DataFormatType": ""
        },
        {
          "Title": "Promo Interest Rate (%)",
          "PropertyName": "PromoInterestRate",
          "IncludeInReport": true,
          "IncludeInMenu": true,
          "Hidden": false,
          "ClientTemplate": "",
          "DataFormatType": ""
        },
        {
          "Title": "Promo Admin Fee",
          "PropertyName": "PromoAdminFee",
          "IncludeInReport": true,
          "IncludeInMenu": true,
          "Hidden": false,
          "ClientTemplate": "",
          "DataFormatType": ""
        },
        {
          "Title": "Promo Period",
          "PropertyName": "PromoPeriod",
          "IncludeInReport": true,
          "IncludeInMenu": true,
          "Hidden": false,
          "ClientTemplate": "",
          "DataFormatType": ""
        },
        {
          "Title": "Status",
          "PropertyName": "Status",
          "IncludeInReport": true,
          "IncludeInMenu": true,
          "Hidden": false,
          "ClientTemplate": "",
          "DataFormatType": ""
        },
        {
          "Title": "Approved Transfer Amt",
          "PropertyName": "ApprovedTransferAmt",
          "IncludeInReport": true,
          "IncludeInMenu": true,
          "Hidden": false,
          "ClientTemplate": "",
          "DataFormatType": ""
        },
        {
          "Title": "Date",
          "PropertyName": "Date",
          "IncludeInReport": true,
          "IncludeInMenu": true,
          "Hidden": false,
          "ClientTemplate": "",
          "DataFormatType": ""
        },
        {
          "Title": "Remarks (1) eg URGENT",
          "PropertyName": "Remarks",
          "IncludeInReport": true,
          "IncludeInMenu": true,
          "Hidden": false,
          "ClientTemplate": "",
          "DataFormatType": ""
        },
        {
          "Title": "Batch (TS/CPBTINT/yymmdd/001) ",
          "PropertyName": "Batch",
          "IncludeInReport": true,
          "IncludeInMenu": true,
          "Hidden": false,
          "ClientTemplate": "",
          "DataFormatType": ""
        },        
        {
          "Title": "Extension No",
          "PropertyName": "ExtensionNo",
          "IncludeInReport": true,
          "IncludeInMenu": true,
          "Hidden": false,
          "ClientTemplate": "",
          "DataFormatType": ""
        },
        {
          "Title": "Team Manager",
          "PropertyName": "TeamManager",
          "IncludeInReport": true,
          "IncludeInMenu": true,
          "Hidden": false,
          "ClientTemplate": "",
          "DataFormatType": ""
        },
        {
          "Title": "Source Code",
          "PropertyName": "SourceCode",
          "IncludeInReport": true,
          "IncludeInMenu": true,
          "Hidden": false,
          "ClientTemplate": "",
          "DataFormatType": ""
        },
        {
          "Title": "Promo Code",
          "PropertyName": "PromoCode",
          "IncludeInReport": true,
          "IncludeInMenu": true,
          "Hidden": false,
          "ClientTemplate": "",
          "DataFormatType": ""
        },
        {
          "Title": "Product Type (UOB to UOB) = Current or Saving",
          "PropertyName": "ProductType",
          "IncludeInReport": true,
          "IncludeInMenu": true,
          "Hidden": false,
          "ClientTemplate": "",
          "DataFormatType": ""
        },
        {
          "Title": "Agent Verbal Date",
          "PropertyName": "AgentVerbalDate",
          "IncludeInReport": true,
          "IncludeInMenu": true,
          "Hidden": false,
          "ClientTemplate": "",
          "DataFormatType": ""
        },
        {
          "Title": "Agent Verbal Time",
          "PropertyName": "AgentVerbalTime",
          "IncludeInReport": true,
          "IncludeInMenu": true,
          "Hidden": false,
          "ClientTemplate": "",
          "DataFormatType": ""
        },
        {
          "Title": "Credit Balance",
          "PropertyName": "CreditBalance",
          "IncludeInReport": true,
          "IncludeInMenu": true,
          "Hidden": false,
          "ClientTemplate": "",
          "DataFormatType": ""
        },
        {
          "Title": "Leave blank",
          "PropertyName": "leaveblank",
          "IncludeInReport": true,
          "IncludeInMenu": true,
          "Hidden": false,
          "ClientTemplate": "",
          "DataFormatType": ""
        },
        {
          "Title": "Leave blank 1",
          "PropertyName": "leaveblank1",
          "IncludeInReport": true,
          "IncludeInMenu": true,
          "Hidden": false,
          "ClientTemplate": "",
          "DataFormatType": ""
        },
        {
          "Title": "Card Brand",
          "PropertyName": "CardBrand",
          "IncludeInReport": true,
          "IncludeInMenu": true,
          "Hidden": false,
          "ClientTemplate": "",
          "DataFormatType": ""
        },
        {
          "Title": "Address1",
          "PropertyName": "Address1",
          "IncludeInReport": true,
          "IncludeInMenu": true,
          "Hidden": false,
          "ClientTemplate": "",
          "DataFormatType": ""
        },
        {
          "Title": "Address2",
          "PropertyName": "Address2",
          "IncludeInReport": true,
          "IncludeInMenu": true,
          "Hidden": false,
          "ClientTemplate": "",
          "DataFormatType": ""
        },
        {
          "Title": "Address3",
          "PropertyName": "Address3",
          "IncludeInReport": true,
          "IncludeInMenu": true,
          "Hidden": false,
          "ClientTemplate": "",
          "DataFormatType": ""
        },
        {
          "Title": "Cms Contact No",
          "PropertyName": "CmsContactNo",
          "IncludeInReport": true,
          "IncludeInMenu": true,
          "Hidden": false,
          "ClientTemplate": "",
          "DataFormatType": ""
        },
        {
          "Title": "DOB",
          "PropertyName": "DOB",
          "IncludeInReport": true,
          "IncludeInMenu": true,
          "Hidden": false,
          "ClientTemplate": "",
          "DataFormatType": ""
        },
        {
          "Title": "Gender",
          "PropertyName": "Gender",
          "IncludeInReport": true,
          "IncludeInMenu": true,
          "Hidden": false,
          "ClientTemplate": "",
          "DataFormatType": ""
        },
        {
          "Title": "Branch Location",
          "PropertyName": "BranchLocation",
          "IncludeInReport": true,
          "IncludeInMenu": true,
          "Hidden": false,
          "ClientTemplate": "",
          "DataFormatType": ""
        },
        {
          "Title": "Branch Staff Name",
          "PropertyName": "BranchStaffName",
          "IncludeInReport": true,
          "IncludeInMenu": true,
          "Hidden": false,
          "ClientTemplate": "",
          "DataFormatType": ""
        },
        {
          "Title": "Branch Staff ID",
          "PropertyName": "BranchStaffID",
          "IncludeInReport": true,
          "IncludeInMenu": true,
          "Hidden": false,
          "ClientTemplate": "",
          "DataFormatType": ""
        },
        {
          "Title": "Checker Name",
          "PropertyName": "CheckerName",
          "IncludeInReport": true,
          "IncludeInMenu": true,
          "Hidden": false,
          "ClientTemplate": "",
          "DataFormatType": ""
        },
         {
          "Title": "Checker Verbal Time",
          "PropertyName": "CheckerVerbalTime",
          "IncludeInReport": true,
          "IncludeInMenu": true,
          "Hidden": false,
          "ClientTemplate": "",
          "DataFormatType": ""
        },
        {
          "Title": "Checker Ext",
          "PropertyName": "CheckerExt",
          "IncludeInReport": true,
          "IncludeInMenu": true,
          "Hidden": false,
          "ClientTemplate": "",
          "DataFormatType": ""
        },
        {
          "Title": "RESUBMISSION",
          "PropertyName": "RESUBMISSION",
          "IncludeInReport": true,
          "IncludeInMenu": true,
          "Hidden": false,
          "ClientTemplate": "",
          "DataFormatType": ""
        },
        {
          "Title": "Date Time",
          "PropertyName": "DateTime",
          "IncludeInReport": false,
          "IncludeInMenu": false,
          "Hidden": true,
          "ClientTemplate": "",
          "DataFormatType": ""
        }
      ]
    },
    {
      /*Main Grid Client Template*/
      "Name": "",
      "ClientDetailTemplateId": "",
      "ClientDetailTemplateColumn": "",
      "DetailReportName": "",
      "DetailReportColumnNameOne": "",
      "DetailReportColumnNameTwo": "",
      "DetailReportColumnNameThree": "",
      "IsdetailReport": false,
      "SummaryDataButton": false,
      "Selectable": "cell", /* cell/row/none*/
      "Change": "",
      "DataBound": "",
      "ColumnHide": "",
      "ColumnShow": "",
      "ExcelExport": "",
      "DetailExpand": "",
      "Action": "",
      "Controller": "",
      "DataParameter": "",
      "ServerOperation": "",
      "GridAutoResize": "1",
      "PageSize": "10",
      "Identity": [ ],
      "ReportAutoCompleteSearch": {
      },
      "Columns": [
      ]
    },
    {
      /*Main grid drill first*/
      "Name": "",
      "ClientDetailTemplateId": "",
      "ClientDetailTemplateColumn": "",
      "DetailReportName": "",
      "DetailReportColumnNameOne": "",
      "DetailReportColumnNameTwo": "",
      "DetailReportColumnNameThree": "",
      "IsdetailReport": false,
      "SummaryDataButton": false,
      "Selectable": "", /* cell/row/none*/
      "Change": "",
      "DataBound": "",
      "ColumnHide": "",
      "ColumnShow": "",
      "ExcelExport": "",
      "DetailExpand": "",
      "Action": "",
      "Controller": "",
      "DataParameter": "",
      "ServerOperation": "",
      "GridAutoResize": "1",
      "PageSize": "10",
      "Identity": [
      ],
      "ReportAutoCompleteSearch": { },
      "Columns": [ ]
    },
    {
      /*Main grid drill second*/
      "Name": "",
      "ClientDetailTemplateId": "",
      "ClientDetailTemplateColumn": "",
      "DetailReportName": "",
      "DetailReportColumnNameOne": "",
      "DetailReportColumnNameTwo": "",
      "DetailReportColumnNameThree": "",
      "IsdetailReport": false,
      "SummaryDataButton": false,
      "Selectable": "", /* cell/row/none*/
      "Change": "",
      "DataBound": "",
      "ColumnHide": "",
      "ColumnShow": "",
      "ExcelExport": "",
      "DetailExpand": "",
      "Action": "",
      "Controller": "",
      "DataParameter": "",
      "ServerOperation": "",
      "GridAutoResize": "1",
      "PageSize": "10",
      "Identity": [ ],
      "ReportAutoCompleteSearch": { },
      "Columns": [ ]
    },
    {
      /*Main grid drill third*/
      "Name": "",
      "ClientDetailTemplateId": "",
      "ClientDetailTemplateColumn": "",
      "DetailReportName": "",
      "DetailReportColumnNameOne": "",
      "DetailReportColumnNameTwo": "",
      "DetailReportColumnNameThree": "",
      "IsdetailReport": false,
      "SummaryDataButton": false,
      "Selectable": "", /* cell/row/none*/
      "Change": "",
      "DataBound": "",
      "ColumnHide": "",
      "ColumnShow": "",
      "ExcelExport": "",
      "DetailExpand": "",
      "Action": "",
      "Controller": "",
      "DataParameter": "",
      "ServerOperation": "",
      "GridAutoResize": "1",
      "PageSize": "10",
      "Identity": [ ],
      "ReportAutoCompleteSearch": { },
      "Columns": [ ]
    }
  ]
}