{
  "JsonVersioningDetails": {
    "FileName": "OCMDirectBankingWebChatMISReport.json",
    "Location": "Reports",
    "Version": "3.2.2.1",
    "LastModifiedDateTime": "01-02-2019 00:00:00 AM",
    "LastModifiedBy": "Shruthi",
    "Description": ""
  },
  "ReportName": "OCM Direct Banking WebChat MIS Report",
  "Grid": [
    {
      /*Main Grid*/
      "Name": "OCMDirectBankingWebChatMISReport",
      "ClientDetailTemplateId": "",
      "ClientDetailTemplateColumn": "",
      "DetailReportName": "",
      "DetailReportColumnNameOne": "",
      "DetailReportColumnNameTwo": "",
      "DetailReportColumnNameThree": "",
      "IsdetailReport": false,
      "SummaryDataButton": false,
      "Selectable": "none", /* cell/row/none*/
      "Change": "onChange",
      "DataBound": "OnMultiColumnGridDataBound",
      "ColumnHide": "OnMultiColumnGridDataBound",
      "ColumnShow": "OnMultiColumnGridDataBound",
      "ExcelExport": "validateExportExcel",
      "DetailExpand": "onGridDetailExpand",
      "Action": "GetGridData",
      "Controller": "OCMReport",
      "DataParameter": "",
      "ServerOperation": "",
      "GridAutoResize": "0",
      "PageSize": "20",
      "Identity": [],
      "ReportAutoCompleteSearch": {
      },
      "Columns": [
        {
          "Title": "Date",
          "PropertyName": "Date",
          "IncludeInReport": true,
          "IncludeInMenu": true,
          "Hidden": false,
          "ClientTemplate": "",
          "DataFormatType": "",
          "ColumnType": "Bound"
        },
        {
          "Title": "Incoming Chat",
          "PropertyName": "IncomingChat",
          "IncludeInReport": true,
          "IncludeInMenu": true,
          "Hidden": false,
          "ClientTemplate": "",
          "DataFormatType": "",
          "ColumnType": "Group",
          "ColumnGroup": [
            {
              "Title": "Total #",
              "PropertyName": "TotalChatPicked",
              "IncludeInReport": true,
              "IncludeInMenu": true,
              "Hidden": false,
              "ClientTemplate": "",
              "DataFormatType": "",
              "ColumnType": "Bound"
            },
            {
              "Title": "Average Time",
              "PropertyName": "AvgChatTime",
              "IncludeInReport": true,
              "IncludeInMenu": true,
              "Hidden": false,
              "ClientTemplate": "",
              "DataFormatType": "",
              "ColumnType": "Bound"
            },
            {
              "Title": "General",
              "PropertyName": "GeneralChat",
              "IncludeInReport": true,
              "IncludeInMenu": true,
              "Hidden": false,
              "ClientTemplate": "",
              "DataFormatType": "",
              "ColumnType": "Bound"
            },
            {
              "Title": "Average General Time",
              "PropertyName": "AvgGeneralChatTime",
              "IncludeInReport": true,
              "IncludeInMenu": true,
              "Hidden": false,
              "ClientTemplate": "",
              "DataFormatType": "",
              "ColumnType": "Bound"
            },
            {
              "Title": "Login #",
              "PropertyName": "LoginCustomerChat",
              "IncludeInReport": true,
              "IncludeInMenu": true,
              "Hidden": false,
              "ClientTemplate": "",
              "DataFormatType": "",
              "ColumnType": "Bound"
            },
            {
              "Title": "Average Login Customer Time",
              "PropertyName": "AvgLoginCustomerChatTime",
              "IncludeInReport": true,
              "IncludeInMenu": true,
              "Hidden": false,
              "ClientTemplate": "",
              "DataFormatType": "",
              "ColumnType": "Bound"
            },
            {
              "Title": "Call Fd./Conf. #",
              "PropertyName": "TransConfChat",
              "IncludeInReport": true,
              "IncludeInMenu": true,
              "Hidden": false,
              "ClientTemplate": "",
              "DataFormatType": "",
              "ColumnType": "Bound"
            },
            {
              "Title": "Average Trans/Conf Time",
              "PropertyName": "AvgTransConfChatTime",
              "IncludeInReport": true,
              "IncludeInMenu": true,
              "Hidden": false,
              "ClientTemplate": "",
              "DataFormatType": "",
              "ColumnType": "Bound"
            }
          ]
        },
        {
          "Title": "Resources",
          "PropertyName": "AgentName",
          "IncludeInReport": true,
          "IncludeInMenu": true,
          "Hidden": false,
          "ClientTemplate": "",
          "DataFormatType": "",
          "ColumnType": "Group",
          "ColumnGroup": [
            {
              "Title": "FTE Required",
              "PropertyName": "FTERequired",
              "IncludeInReport": true,
              "IncludeInMenu": true,
              "Hidden": false,
              "ClientTemplate": "",
              "DataFormatType": "",
              "ColumnType": "Bound"
            },
            {
              "Title": "Total Chat/FTE",
              "PropertyName": "TotalChatorFTE",
              "IncludeInReport": true,
              "IncludeInMenu": true,
              "Hidden": false,
              "ClientTemplate": "",
              "DataFormatType": "",
              "ColumnType": "Bound"
            }
          ]
        },
        {
          "Title": "Productivity",
          "PropertyName": "AgentName",
          "IncludeInReport": true,
          "IncludeInMenu": true,
          "Hidden": false,
          "ClientTemplate": "",
          "DataFormatType": "",
          "ColumnType": "Group",
          "ColumnGroup": [
            {
              "Title": "Total Login Time",
              "PropertyName": "TotalLoginTime",
              "IncludeInReport": true,
              "IncludeInMenu": true,
              "Hidden": false,
              "ClientTemplate": "",
              "DataFormatType": "",
              "ColumnType": "Bound"
            },
            {
              "Title": "Total Chat Time for General",
              "PropertyName": "TotalGeneralChatTime",
              "IncludeInReport": true,
              "IncludeInMenu": true,
              "Hidden": false,
              "ClientTemplate": "",
              "DataFormatType": "",
              "ColumnType": "Bound"
            },
            {
              "Title": "Total Chat Time for Login",
              "PropertyName": "TotalLoginCustomerChatTime",
              "IncludeInReport": true,
              "IncludeInMenu": true,
              "Hidden": false,
              "ClientTemplate": "",
              "DataFormatType": "",
              "ColumnType": "Bound"
            },
            {
              "Title": "Total Chat Time for Call Fd/ Conf",
              "PropertyName": "TotalTransConfChatTime",
              "IncludeInReport": true,
              "IncludeInMenu": true,
              "Hidden": false,
              "ClientTemplate": "",
              "DataFormatType": "",
              "ColumnType": "Bound"
            },
            {
              "Title": "Total Ready Mode Time",
              "PropertyName": "TotalReadyModeTime",
              "IncludeInReport": true,
              "IncludeInMenu": true,
              "Hidden": false,
              "ClientTemplate": "",
              "DataFormatType": "",
              "ColumnType": "Bound"
            },
            {
              "Title": "Total Unavailable Time",
              "PropertyName": "TotalUnavailableTime",
              "IncludeInReport": true,
              "IncludeInMenu": true,
              "Hidden": false,
              "ClientTemplate": "",
              "DataFormatType": "",
              "ColumnType": "Bound"
            },
            {
              "Title": "Unavailable Time - ACW",
              "PropertyName": "TotalACWTime",
              "IncludeInReport": true,
              "IncludeInMenu": true,
              "Hidden": false,
              "ClientTemplate": "",
              "DataFormatType": "",
              "ColumnType": "Bound"
            },
            {
              "Title": "Unavailable Time - AUX",
              "PropertyName": "TotalAUXTime",
              "IncludeInReport": true,
              "IncludeInMenu": true,
              "Hidden": false,
              "ClientTemplate": "",
              "DataFormatType": "",
              "ColumnType": "Bound"
            },
            {
              "Title": "Unavailable Time - Lunch",
              "PropertyName": "TotalLunchTime",
              "IncludeInReport": true,
              "IncludeInMenu": true,
              "Hidden": false,
              "ClientTemplate": "",
              "DataFormatType": "",
              "ColumnType": "Bound"
            },
            {
              "Title": "Unavailable Time - Phone",
              "PropertyName": "TotalPhoneTime",
              "IncludeInReport": true,
              "IncludeInMenu": true,
              "Hidden": false,
              "ClientTemplate": "",
              "DataFormatType": "",
              "ColumnType": "Bound"
            }
          ]
        }
      ]
    },
    {
      /*Main Grid Client Template*/
      "Name": "",
      "ClientDetailTemplateId": "",
      "ClientDetailTemplateColumn": "",
      "DetailReportName": "",
      "DetailReportColumnNameOne": "",
      "DetailReportColumnNameTwo": "",
      "DetailReportColumnNameThree": "",
      "IsdetailReport": false,
      "SummaryDataButton": false,
      "Selectable": "none", /* cell/row/none*/
      "Change": "",
      "DataBound": "",
      "ColumnHide": "",
      "ColumnShow": "",
      "ExcelExport": "",
      "DetailExpand": "",
      "Action": "",
      "Controller": "",
      "DataParameter": "",
      "ServerOperation": "",
      "GridAutoResize": "1",
      "PageSize": "10",
      "Identity": [],
      "ReportAutoCompleteSearch": {
      },
      "Columns": [
      ]
    },
    {
      /*Main Grid Client Template*/
      "Name": "",
      "ClientDetailTemplateId": "",
      "ClientDetailTemplateColumn": "",
      "DetailReportName": "",
      "DetailReportColumnNameOne": "",
      "DetailReportColumnNameTwo": "",
      "DetailReportColumnNameThree": "",
      "IsdetailReport": false,
      "SummaryDataButton": false,
      "Selectable": "none", /* cell/row/none*/
      "Change": "",
      "DataBound": "",
      "ColumnHide": "",
      "ColumnShow": "",
      "ExcelExport": "",
      "DetailExpand": "",
      "Action": "",
      "Controller": "",
      "DataParameter": "",
      "ServerOperation": "",
      "GridAutoResize": "1",
      "PageSize": "10",
      "Identity": [],
      "ReportAutoCompleteSearch": {
      },
      "Columns": [
      ]
    }
  ]
}