﻿{
  "JsonVersioningDetails": {
    "FileName": "OCMTHTelesalesContactListImportErrorReport.json",
    "Location": "Reports",
    "Version": "3.2.4.24",
    "LastModifiedDateTime": "24-04-2019 10:30:00 AM",
    "LastModifiedBy": "Joystan/Shreeraj",
    "Description": "Added new Json for Contact List Import Error Report"
  },
  "ReportName": "OCM Contact List Import Error Report",
  "Grid": [
    {
      /*Main Grid*/
      "Name": "OCMTHTelesalesContactListImportErrorReport",
      "ClientDetailTemplateId": "",
      "ClientDetailTemplateColumn": "",
      "DetailReportName": "",
      "DetailReportColumnNameOne": "",
      "DetailReportColumnNameTwo": "",
      "DetailReportColumnNameThree": "",
      "IsdetailReport": false,
      "SummaryDataButton": false,
      "Selectable": "row", /* cell/row/none*/
      "Change": "onChange",
      "DataBound": "onDataBound",
      "ColumnHide": "onDataBound",
      "ColumnShow": "onDataBound",
      "ExcelExport": "validateExportExcel",
      "DetailExpand": "onGridDetailExpand",
      "Action": "GetGridData",
      "Controller": "OCMReport",
      "DataParameter": "",
      "ServerOperation": "",
      "GridAutoResize": "0",
      "PageSize": "10",
      "Identity": [ ],
      "ReportAutoCompleteSearch": {
        "Title": "Import Job ID",
        "PropertyName": "ImportJobID"
      },
      "Columns": [
        {
          "Title": "Import Job ID",
          "PropertyName": "ImportJobID",
          "IncludeInReport": true,
          "IncludeInMenu": true,
          "Hidden": false,
          "ClientTemplate": "",
          "DataFormatType": ""
        },
        {
          "Title": "Contact List Name",
          "PropertyName": "ContactListName",
          "IncludeInReport": true,
          "IncludeInMenu": true,
          "Hidden": false,
          "ClientTemplate": "",
          "DataFormatType": ""
        },
        {
          "Title": "Record Type",
          "PropertyName": "RecordType",
          "IncludeInReport": true,
          "IncludeInMenu": true,
          "Hidden": false,
          "ClientTemplate": "",
          "DataFormatType": ""
        },
        {
          "Title": "Contact ID",
          "PropertyName": "ContactID",
          "IncludeInReport": true,
          "IncludeInMenu": true,
          "Hidden": false,
          "ClientTemplate": "",
          "DataFormatType": ""
        },

        {
          "Title": "Record Line",
          "PropertyName": "RecordLine",
          "IncludeInReport": true,
          "IncludeInMenu": true,
          "Hidden": false,
          "ClientTemplate": "",
          "DataFormatType": ""
        },
        {
          "Title": "Invalid Attribute",
          "PropertyName": "InvalidAttribute",
          "IncludeInReport": true,
          "IncludeInMenu": true,
          "Hidden": false,
          "ClientTemplate": "",
          "DataFormatType": ""
        },
        {
          "Title": "Report Date Time",
          "PropertyName": "ReportDateTime",
          "IncludeInReport": true,
          "IncludeInMenu": true,
          "Hidden": true,
          "ClientTemplate": "",
          "DataFormatType": ""
        }
      ]
    },
    {
      /*Main grid drill second*/
      "Name": "",
      "ClientDetailTemplateId": "",
      "ClientDetailTemplateColumn": "",
      "DetailReportName": "",
      "DetailReportColumnNameOne": "",
      "DetailReportColumnNameTwo": "",
      "DetailReportColumnNameThree": "",
      "IsdetailReport": false,
      "SummaryDataButton": false,
      "Selectable": "", /* cell/row/none*/
      "Change": "",
      "DataBound": "",
      "ColumnHide": "",
      "ColumnShow": "",
      "ExcelExport": "",
      "DetailExpand": "",
      "Action": "",
      "Controller": "",
      "ServerOperation": "",
      "GridAutoResize": "1",
      "PageSize": "10",
      "Identity": [

      ],
      "ReportAutoCompleteSearch": {
      },
      "Columns": [

      ]
    },
    {
      /*Main Grid Client Template*/
      "Name": "",
      "ClientDetailTemplateId": "",
      "ClientDetailTemplateColumn": "",
      "DetailReportName": "",
      "DetailReportColumnNameOne": "",
      "DetailReportColumnNameTwo": "",
      "DetailReportColumnNameThree": "",
      "IsdetailReport": false,
      "SummaryDataButton": false,
      "Selectable": "", /* cell/row/none*/
      "Change": "",
      "DataBound": "",
      "ColumnHide": "",
      "ColumnShow": "",
      "ExcelExport": "",
      "DetailExpand": "",
      "Action": "",
      "Controller": "",
      "DataParameter": "",
      "ServerOperation": "",
      "GridAutoResize": "1",
      "PageSize": "10",
      "Identity": [
        {
          "ColumnName": "",
          "Header": " "
        }
      ],
      "ReportAutoCompleteSearch": {
      },
      "Columns": [
        {
          "Title": "",
          "PropertyName": "",
          "IncludeInReport": true,
          "IncludeInMenu": true,
          "Hidden": false,
          "ClientTemplate": "",
          "DataFormatType": ""
        },
        {
          "Title": "",
          "PropertyName": "",
          "IncludeInReport": true,
          "IncludeInMenu": true,
          "Hidden": false,
          "ClientTemplate": "",
          "DataFormatType": ""
        },
        {
          "Title": "",
          "PropertyName": "",
          "IncludeInReport": true,
          "IncludeInMenu": true,
          "Hidden": false,
          "ClientTemplate": "",
          "DataFormatType": ""
        },
        {
          "Title": "",
          "PropertyName": "",
          "IncludeInReport": true,
          "IncludeInMenu": true,
          "Hidden": false,
          "ClientTemplate": "",
          "DataFormatType": ""
        },
        {
          "Title": "",
          "PropertyName": "",
          "IncludeInReport": true,
          "IncludeInMenu": true,
          "Hidden": false,
          "ClientTemplate": "",
          "DataFormatType": ""
        },
        {
          "Title": "",
          "PropertyName": "",
          "IncludeInReport": true,
          "IncludeInMenu": true,
          "Hidden": false,
          "ClientTemplate": "",
          "DataFormatType": ""
        },
        {
          "Title": "",
          "PropertyName": "",
          "IncludeInReport": true,
          "IncludeInMenu": true,
          "Hidden": false,
          "ClientTemplate": "",
          "DataFormatType": ""
        },
        {
          "Title": "",
          "PropertyName": "",
          "IncludeInReport": true,
          "IncludeInMenu": true,
          "Hidden": false,
          "ClientTemplate": "",
          "DataFormatType": ""
        },
        {
          "Title": "",
          "PropertyName": "",
          "IncludeInReport": true,
          "IncludeInMenu": true,
          "Hidden": false,
          "ClientTemplate": "",
          "DataFormatType": ""
        },

        {
          "Title": "",
          "PropertyName": "",
          "IncludeInReport": true,
          "IncludeInMenu": true,
          "Hidden": false,
          "ClientTemplate": "",
          "DataFormatType": ""
        },
        {
          "Title": "",
          "PropertyName": "",
          "IncludeInReport": true,
          "IncludeInMenu": true,
          "Hidden": false,
          "ClientTemplate": "",
          "DataFormatType": ""
        },
        {
          "Title": "",
          "PropertyName": "",
          "IncludeInReport": true,
          "IncludeInMenu": true,
          "Hidden": false,
          "ClientTemplate": "",
          "DataFormatType": ""
        },
        {
          "Title": "",
          "PropertyName": "",
          "IncludeInReport": true,
          "IncludeInMenu": true,
          "Hidden": false,
          "ClientTemplate": "",
          "DataFormatType": ""
        },
        {
          "Title": "",
          "PropertyName": "",
          "IncludeInReport": true,
          "IncludeInMenu": true,
          "Hidden": false,
          "ClientTemplate": "",
          "DataFormatType": ""
        },
        {
          "Title": "",
          "PropertyName": "",
          "IncludeInReport": true,
          "IncludeInMenu": true,
          "Hidden": false,
          "ClientTemplate": "",
          "DataFormatType": ""
        },
        {
          "Title": "",
          "PropertyName": "",
          "IncludeInReport": true,
          "IncludeInMenu": true,
          "Hidden": false,
          "ClientTemplate": "",
          "DataFormatType": ""
        },
        {
          "Title": "",
          "PropertyName": "",
          "IncludeInReport": true,
          "IncludeInMenu": true,
          "Hidden": false,
          "ClientTemplate": "",
          "DataFormatType": ""
        },
        {
          "Title": "",
          "PropertyName": "",
          "IncludeInReport": true,
          "IncludeInMenu": true,
          "Hidden": false,
          "ClientTemplate": "",
          "DataFormatType": ""
        },
        {
          "Title": "",
          "PropertyName": "",
          "IncludeInReport": true,
          "IncludeInMenu": true,
          "Hidden": false,
          "ClientTemplate": "",
          "DataFormatType": ""
        },
        {
          "Title": "",
          "PropertyName": "",
          "IncludeInReport": true,
          "IncludeInMenu": true,
          "Hidden": false,
          "ClientTemplate": "",
          "DataFormatType": ""
        },
        {
          "Title": "",
          "PropertyName": "",
          "IncludeInReport": true,
          "IncludeInMenu": true,
          "Hidden": false,
          "ClientTemplate": "",
          "DataFormatType": ""
        }
      ]
    },
    {
      /*Main Grid Client Template*/
      "Name": "",
      "ClientDetailTemplateId": "",
      "ClientDetailTemplateColumn": "",
      "DetailReportName": "",
      "DetailReportColumnNameOne": "",
      "DetailReportColumnNameTwo": "",
      "DetailReportColumnNameThree": "",
      "IsdetailReport": false,
      "SummaryDataButton": false,
      "Selectable": "none", /* cell/row/none*/
      "Change": "empty",
      "DataBound": "onDataBound",
      "ColumnHide": "onDataBound",
      "ColumnShow": "onDataBound",
      "ExcelExport": "validateExportExcel",
      "DetailExpand": "onGridDetailExpand",
      "Action": "DrillGridTwoData",
      "Controller": "OCMReport",
      "DataParameter": "",
      "ServerOperation": "",
      "GridAutoResize": "1",
      "PageSize": "24",
      "Identity": [
        {
          "ColumnName": "",
          "Header": ""
        }
      ],
      "ReportAutoCompleteSearch": {
      },
      "Columns": [

        {
          "Title": "",
          "PropertyName": "",
          "IncludeInReport": true,
          "IncludeInMenu": true,
          "Hidden": false,
          "ClientTemplate": "",
          "DataFormatType": ""
        },
        {
          "Title": "",
          "PropertyName": "",
          "IncludeInReport": true,
          "IncludeInMenu": true,
          "Hidden": false,
          "ClientTemplate": "",
          "DataFormatType": ""
        }
      ]
    },
    {
      /*Main grid drill second*/
      "Name": "",
      "ClientDetailTemplateId": "",
      "ClientDetailTemplateColumn": "",
      "DetailReportName": "",
      "DetailReportColumnName": "",
      "IsdetailReport": false,
      "SummaryDataButton": false,
      "Selectable": "", /* cell/row/none*/
      "Change": "",
      "DataBound": "",
      "ColumnHide": "",
      "ColumnShow": "",
      "ExcelExport": "",
      "DetailExpand": "",
      "Action": "",
      "Controller": "",
      "DataParameter": "",
      "ServerOperation": "",
      "GridAutoResize": "1",
      "PageSize": "10",
      "Identity": [],
      "ReportAutoCompleteSearch": {},
      "Columns": []
    }
  ]
}