{
  "JsonVersioningDetails": {
    "FileName": "ChatbotDashboard.json",
    "Location": "Dashboard",
    "Version": "3.2.2.1",
    "LastModifiedDateTime": "31-01-2019 08:30:00 AM",
    "LastModifiedBy": "Shruthi",
    "Description": "added new dashboard"
  },
  "Boxes": [
    {
      "Title": "Number of Chats",
      "PropertyName": "ChatbotChatCount",
      "Default": "0",
      "Color": "bg-blue",
      "Icon": "ion-chatbubble",
      "Visible": true,
      "SubBox": [
        {
          "Title": "Audio Escalated",
          "PropertyName": "ChatbotChatToAudio",
          "Default": "0",
          "Visible": true
        },
        {
          "Title": "Video Escalated",
          "PropertyName": "ChatbotChatToVideo",
          "Default": "0",
          "Visible": true
        }
      ]
    },
    {
      "Title": "Transfered Chats",
      "PropertyName": "ChatbotTransferedChat",
      "Default": "0",
      "Color": "bg-yellow",
      "Icon": "ion-arrow-swap",
      "Visible": true,
      "SubBox": [
        {
          "Title": "Audio",
          "PropertyName": "ChatbotTransferedAudio",
          "Default": "0",
          "Visible": true
        },
        {
          "Title": "Video",
          "PropertyName": "ChatbotTransferedVideo",
          "Default": "0",
          "Visible": true
        }
      ]
    },
    {
      "Title": "Conferenced Chats",
      "PropertyName": "ChatbotConferencedChat",
      "Default": "0",
      "Color": "bg-red",
      "Icon": "ion-chatbubbles",
      "Visible": true,
      "SubBox": [
        {
          "Title": "Audio",
          "PropertyName": "ChatbotConferencedAudio",
          "Default": "0",
          "Visible": true
        },
        {
          "Title": "Video",
          "PropertyName": "ChatbotConferencedVideo",
          "Default": "0",
          "Visible": true
        }
      ]
    },
    {
      "Title": "Average Handle Time",
      "PropertyName": "ChatbotAverageHandleTime",
      "Default": "00:00:00",
      "Color": "bg-aqua",
      "Icon": "ion-ios-stopwatch",
      "Visible": true,
      "SubBox": [
        {
          "Title": "Audio",
          "PropertyName": "ChatbotAverageHandleAudioTime",
          "Default": "00:00:00",
          "Visible": true
        },
        {
          "Title": "Video",
          "PropertyName": "ChatbotAverageHandleVideoTime",
          "Default": "00:00:00",
          "Visible": true
        }
      ]
    },
    {
      "Title": "First Call Resolution",
      "PropertyName": "ChatbotFirstCallResolution",
      "Default": "0",
      "Color": "bg-green",
      "Icon": "ion-arrow-down-b",
      "Visible": true,
      "SubBox": [
        {
          "Title": "Audio",
          "PropertyName": "ChatbotFirstCallResolutionAudio",
          "Default": "0",
          "Visible": true
        },
        {
          "Title": "Video",
          "PropertyName": "ChatbotFirstCallResolutionVideo",
          "Default": "0",
          "Visible": true
        }
      ]
    },
    {
      "Title": "Chat Callback",
      "PropertyName": "ChatbotChatCallback",
      "Default": "0",
      "Color": "bg-purple",
      "Icon": "ion-arrow-return-left",
      "Visible": true,
      "SubBox": [
        {
          "Title": "Audio Callback",
          "PropertyName": "ChatbotAudioChatCallback",
          "Default": "0",
          "Visible": true
        },
        {
          "Title": "Video Callback",
          "PropertyName": "ChatbotVideoChatCallback",
          "Default": "0",
          "Visible": true
        }
      ]
    },
    {
      "Title": "Audio IP",
      "PropertyName": "ChatbotAudioIP",
      "Default": "0",
      "Color": "bg-orange",
      "Icon": "ion-arrow-return-left",
      "Visible": true,
      "SubBox": [
        {
          "Title": "Video",
          "PropertyName": "ChatbotAudioToVideo",
          "Default": "0",
          "Visible": true
        },
        {
          "Title": "Chat",
          "PropertyName": "ChatbotAudioToChat",
          "Default": "0",
          "Visible": true
        }
      ]
    },
    {
      "Title": "Video IP",
      "PropertyName": "ChatbotVideoIP",
      "Default": "0",
      "Color": "bg-teal",
      "Icon": "ion-arrow-return-left",
      "Visible": true,
      "SubBox": [
        {
          "Title": "Audio",
          "PropertyName": "ChatbotVideoIPAudio",
          "Default": "0",
          "Visible": true
        },
        {
          "Title": "Chat",
          "PropertyName": "ChatbotVideoToChat",
          "Default": "0",
          "Visible": true
        }
      ]
    }
  ]
}