﻿{
  "JsonVersioningDetails": {
    "FileName": "ChatDashboard.json",
    "Location": "Dashboard",
    "Version": "9.17",
    "LastModifiedDateTime": "17-09-2018 08:30:00 AM",
    "LastModifiedBy": "Prathik",
    "Description": "Versioning Added"
  },
  "Boxes": [
    {
      "Title": "Number of Chats",
      "PropertyName": "ChatCount",
      "Default": "0",
      "Color": "bg-blue",
      "Icon": "ion-chatbubble",
      "Visible": true,
      "SubBox": [
        {
          "Title": "Audio Escalated",
          "PropertyName": "ChatToAudio",
          "Default": "0",
          "Visible": true
        },
        {
          "Title": "Video Escalated",
          "PropertyName": "ChatToVideo",
          "Default": "0",
          "Visible": true
        }
      ]
    },
    {
      "Title": "Transfered Chats",
      "PropertyName": "TransferedChat",
      "Default": "0",
      "Color": "bg-yellow",
      "Icon": "ion-arrow-swap",
      "Visible": true,
      "SubBox": [
        {
          "Title": "Audio",
          "PropertyName": "TransferedAudio",
          "Default": "0",
          "Visible": true
        },
        {
          "Title": "Video",
          "PropertyName": "TransferedVideo",
          "Default": "0",
          "Visible": true
        }
      ]
    },
    {
      "Title": "Conferenced Chats",
      "PropertyName": "ConferencedChat",
      "Default": "0",
      "Color": "bg-red",
      "Icon": "ion-chatbubbles",
      "Visible": true,
      "SubBox": [
        {
          "Title": "Audio",
          "PropertyName": "ConferencedAudio",
          "Default": "0",
          "Visible": true
        },
        {
          "Title": "Video",
          "PropertyName": "ConferencedVideo",
          "Default": "0",
          "Visible": true
        }
      ]
    },
    {
      "Title": "Average Handle Time",
      "PropertyName": "AverageHandleTime",
      "Default": "00:00:00",
      "Color": "bg-aqua",
      "Icon": "ion-ios-stopwatch",
      "Visible": true,
      "SubBox": [
        {
          "Title": "Audio",
          "PropertyName": "AverageHandleAudioTime",
          "Default": "00:00:00",
          "Visible": true
        },
        {
          "Title": "Video",
          "PropertyName": "AverageHandleVideoTime",
          "Default": "00:00:00",
          "Visible": true
        }
      ]
    },
    {
      "Title": "First Call Resolution",
      "PropertyName": "FirstCallResolution",
      "Default": "0",
      "Color": "bg-green",
      "Icon": "ion-arrow-down-b",
      "Visible": true,
      "SubBox": [
        {
          "Title": "Audio",
          "PropertyName": "FirstCallResolutionAudio",
          "Default": "0",
          "Visible": true
        },
        {
          "Title": "Video",
          "PropertyName": "FirstCallResolutionVideo",
          "Default": "0",
          "Visible": true
        }
      ]
    },
    {
      "Title": "Chat Callback",
      "PropertyName": "ChatCallback",
      "Default": "0",
      "Color": "bg-purple",
      "Icon": "ion-arrow-return-left",
      "Visible": true,
      "SubBox": [
        {
          "Title": "Audio Callback",
          "PropertyName": "AudioChatCallback",
          "Default": "0",
          "Visible": true
        },
        {
          "Title": "Video Callback",
          "PropertyName": "VideoChatCallback",
          "Default": "0",
          "Visible": true
        }
      ]
    },
    {
      "Title": "Audio IP",
      "PropertyName": "AudioIP",
      "Default": "0",
      "Color": "bg-orange",
      "Icon": "ion-arrow-return-left",
      "Visible": true,
      "SubBox": [
        {
          "Title": "Video",
          "PropertyName": "AudioToVideo",
          "Default": "0",
          "Visible": true
        },
        {
          "Title": "Chat",
          "PropertyName": "AudioToChat",
          "Default": "0",
          "Visible": true
        }
      ]
    },
    {
      "Title": "Video IP",
      "PropertyName": "VideoIP",
      "Default": "0",
      "Color": "bg-teal",
      "Icon": "ion-arrow-return-left",
      "Visible": true,
      "SubBox": [
        {
          "Title": "Audio",
          "PropertyName": "VideoIPAudio",
          "Default": "0",
          "Visible": true
        },
        {
          "Title": "Chat",
          "PropertyName": "VideoToChat",
          "Default": "0",
          "Visible": true
        }
      ]
    }
  ]
}