{
  "JsonVersioningDetails": {
    "FileName": "VoiceRealTimeDashboard.json",
    "Location": "Dashboard",
    "Version": "11.8",
    "LastModifiedDateTime": "08-11-2018 08:30:00 AM",
    "LastModifiedBy": "Adhip",
    "Description": ""
  },
  "Boxes": [
    {
      "Title": "Agents Logged In",
      "PropertyName": "StaffVoiceRealTime",
      "Default": "0",
      "Color": "bg-purple",
      "Icon": "ion-ios-telephone",
      "Visible": true,
      "SubBox": [
        {
          "Title": "",
          "PropertyName": "",
          "Default": "",
          "Visible": false
        }
      ]
    },
    {
      "Title": "Available Agents",
      "PropertyName": "AvailVoiceRealTime",
      "Default": "0",
      "Color": "bg-orange",
      "Icon": "ion-person",
      "Visible": true,
      "SubBox": [
        {
          "Title": "",
          "PropertyName": "",
          "Default": "",
          "Visible": false
        }
      ]
    },
    {
      "Title": "Interactions In Queue",
      "PropertyName": "CallsWaitingVoiceRealTime",
      "Default": "0",
      "Color": "bg-aqua",
      "Icon": "ion-arrow-swap",
      "Visible": true,
      "SubBox": [
        {
          "Title": "",
          "PropertyName": "",
          "Default": "",
          "Visible": false
        }
      ]
    },
    {
      "Title": "Active Interactions",
      "PropertyName": "ACDVoiceRealTime",
      "Default": "0 (s)",
      "Color": "bg-red",
      "Icon": "ion-ios-stopwatch",
      "Visible": true,
      "SubBox": [
        {
          "Title": "",
          "PropertyName": "",
          "Default": "",
          "Visible": false
        }
      ]
    },
    {
      "Title": "Total ACD Interactions",
      "PropertyName": "AcdCallsSummaryVoiceRealTime",
      "Default": "0 (s)",
      "Color": "bg-blue",
      "Icon": "ion-clock",
      "Visible": true,
      "SubBox": [
        {
          "Title": "",
          "PropertyName": "",
          "Default": "",
          "Visible": false
        }
      ]
    },
    {
      "Title": "Abandoned Interactions",
      "PropertyName": "AbandCallsVoiceRealTime",
      "Default": "0",
      "Color": "bg-yellow",
      "Icon": "ion-arrow-return-left",
      "Visible": true,
      "SubBox": [
        {
          "Title": "",
          "PropertyName": "",
          "Default": "",
          "Visible": false
        }
      ]
    },
    {
      "Title": "Active IVR Calls",
      "PropertyName": "IvrCallsVoiceRealTime",
      "Default": "0",
      "Color": "bg-green",
      "Icon": "ion-arrow-return-left",
      "Visible": true,
      "SubBox": [
        {
          "Title": "",
          "PropertyName": "",
          "Default": "",
          "Visible": false
        }
      ]
    }
  ]
}