{
  "JsonVersioningDetails": {
    "FileName": "Voice-Self-ServiceDashboard.json",
    "Location": "Dashboard",
    "Version": "11.8",
    "LastModifiedDateTime": "08-11-2018 08:30:00 AM",
    "LastModifiedBy": "Adhip",
    "Description": ""
  },
  "Boxes": [
    {
      "Title": "Total Calls",
      "PropertyName": "TotalCallsVoice",
      "Default": "0",
      "Color": "bg-aqua",
      "Icon": "ion-ios-telephone",
      "Visible": true,
      "SubBox": [
        {
          "Title": "",
          "PropertyName": "",
          "Default": "",
          "Visible": false
        }
      ]
    },
    {
      "Title": "Self - Serviced Calls",
      "PropertyName": "SelfServiceCallsVoice",
      "Default": "0",
      "Color": "bg-green",
      "Icon": "ion-person",
      "Visible": true,
      "SubBox": [
        {
          "Title": "",
          "PropertyName": "",
          "Default": "",
          "Visible": false
        }
      ]
    },
    {
      "Title": "Transferred Calls",
      "PropertyName": "TransferredCallsVoice",
      "Default": "0",
      "Color": "bg-maroon",
      "Icon": "ion-arrow-swap",
      "Visible": true,
      "SubBox": [
        {
          "Title": "",
          "PropertyName": "",
          "Default": "",
          "Visible": false
        }
      ]
    },
    {
      "Title": "Average Handle Time",
      "PropertyName": "AverageHandleTimeVoice",
      "Default": "0 (s)",
      "Color": "bg-blue",
      "Icon": "ion-ios-stopwatch",
      "Visible": true,
      "SubBox": [
        {
          "Title": "",
          "PropertyName": "",
          "Default": "",
          "Visible": false
        }
      ]
    },
    {
      "Title": "Total Time Spent",
      "PropertyName": "TotalTimeSpentVoice",
      "Default": "0 (s)",
      "Color": "bg-green",
      "Icon": "ion-clock",
      "Visible": true,
      "SubBox": [
        {
          "Title": "",
          "PropertyName": "",
          "Default": "",
          "Visible": false
        }
      ]
    },
    {
      "Title": "Total Callbacks",
      "PropertyName": "TotalCallbacksVoice",
      "Default": "0",
      "Color": "bg-yellow",
      "Icon": "ion-arrow-return-left",
      "Visible": true,
      "SubBox": [
        {
          "Title": "",
          "PropertyName": "",
          "Default": "",
          "Visible": false
        }
      ]
    }
  ]
}