{
  "InteractionWorkflowConfiguration": {
    "Servers": [
      {
        "Url": "http://10.133.146.17:2020/IWInterpreterWebApp/restServices/",
        "Protocol": "",
        "CertificatePath": ""
      }
    ],
    "Functions": {
      "GetOrderTakeIntentList": "GetOrderTakeIntentList",
      "WriteOrderTakeIntentList": "WriteOrderTakeIntentList",
      "GetDnisBasedCallCountMap": "GetDnisBasedCallCountMap",
      "GetRoleBasedCallFlowAccessMatrix": "GetRoleBasedCallFlowAccessMatrix",
      "WriteRoleBasedCallFlowAccessMatrix": "WriteRoleBasedCallFlowAccessMatrix",
      "GetRoleBasedConfigMasterAccessMatrix": "GetRoleBasedConfigMasterAccessMatrix",
      "WriteRoleBasedConfigMasterAccessMatrix": "WriteRoleBasedConfigMasterAccessMatrix"
    }
  }
}
